Species,Protected,Endemic,Migratory
Accipiter badius,Y,,
Accipiter cirrocephalus,Y,,
Accipiter erythrauchen,Y,Y,
Accipiter fasciatus,Y,,
Accipiter griseiceps,Y,Y,
Accipiter gularis,Y,,Y
Accipiter henicogrammus,Y,Y,
Accipiter hiogaster,Y,,
Accipiter melanochlamys,Y,,
Accipiter meyerianus,Y,,
Accipiter nanus,Y,Y,
Accipiter nisus,Y,,
Accipiter poliocephalus,Y,,
Accipiter rhodogaster,Y,Y,
Accipiter soloensis,Y,,Y
Accipiter sylvestris,Y,Y,
Accipiter trinotatus,Y,Y,
Accipiter trivirgatus,Y,,
Accipiter virgatus,Y,,
Acerodon humilis,Y,,
Acridotheres cinereus,,Y,
Acridotheres javanicus,,Y,
Acridotheres melanopterus,Y,Y,
Acridotheres tertius,Y,,
Acridotheres tricolor,Y,,
Acrocephalus australis,,,Y
Acrocephalus bistrigiceps,,,Y
Acrocephalus orientalis,,,Y
Actenoides capucinus,Y,Y,
Actenoides concretus,Y,,
Actenoides monachus,Y,Y,
Actenoides princeps,Y,Y,
Actenoides regalis,,Y,
Actitis hypoleucos,,,Y
Aegotheles crinifrons,,Y,
Aepypodius arfakianus,Y,,
Aepypodius bruijnii,Y,Y,
Aerodramus infuscatus,,Y,
Aerodramus vulcanorum,Y,Y,
Aethopyga duyvenbodei,Y,Y,
Aethopyga eximia,,Y,
Aethopyga mystacalis,Y,Y,
Aethopyga siparaja,Y,,
Aetoxylon sympetalum,Y,,
Agathis labillardierei,Y,,
Agropsar philippensis,,,Y
Agropsar sturninus,,,Y
Ailuroedus buccoides,Y,,
Ailuroedus melanotis,Y,,
Ailurops melanotis,Y,,
Alcedo atthis,,,Y
Alcedo coerulescens,,Y,
Alcedo euryzona,Y,Y,
Alcedo peninsulae,Y,,
Alcippe pyrrhoptera,,Y,
Alisterus amboinensis,Y,Y,
Alisterus chloropterus,Y,,
Alophoixus bres,,Y,
Amaurornis isabellina,,Y,
Amaurornis magnirostris,Y,Y,
Amaurornis phoenicurus,,,Y
Amblyornis flavifrons,Y,Y,
Amblyornis inornata,Y,Y,
Amblyornis macgregoriae,Y,,
Amorphophallus decus-silvae,Y,,
Amorphophallus titanum,Y,,
Anaphalis javanica,Y,,
Anas acuta,,,Y
Anhinga melanogaster,Y,,
Anorrhinus galeritus,Y,,
Anous minutus,Y,,
Anous stolidus,Y,,
Anoxypristis cuspidata,Y,,
Anseranas semipalmata,Y,,
Anthracoceros albirostris,Y,,
Anthracoceros malayanus,Y,,
Anthreptes rhodolaemus,Y,,
Anthus cervinus,,,Y
Anthus gustavi,,,Y
Antigone rubicunda,Y,,
Anurophasis monorthonyx,,Y,
Apalharpactes mackloti,Y,Y,
Apalharpactes reinwardtii,Y,Y,
Aplonis crassa,,Y,
Aplonis magna,,Y,
Aplonis mysolensis,,Y,
Aprosmictus erythropterus,Y,,
Aprosmictus jonquillaceus,Y,,
Apus pacificus,,,Y
Aquila audax,Y,,
Aquila fasciata,Y,,
Aquila gurneyi,Y,,
Aramidopsis plateni,Y,Y,
Arborophila javanica,,Y,
Arborophila rolli,,Y,
Arborophila rubrirostris,,Y,
Arborophila sumatrana,,Y,
Archboldia papuensis,Y,,
Arctictis binturong,Y,,
Arctonyx collaris,Y,,
Ardea alba,Y,,Y
Ardea cinerea,,,Y
Ardea intermedia,,,Y
Ardea purpurea,,,Y
Ardea sumatrana,Y,,
Ardenna carneipes,Y,,
Ardenna pacifica,Y,,Y
Ardeola bacchus,Y,,Y
Ardeotis australis,Y,,
Arenaria interpres,,,Y
Argusianus argus,Y,,
Artamus cinereus,,,Y
Artamus leucoryn,,,Y
Artamus monachus,,Y,
Astrapia nigra,Y,Y,
Astrapia splendidissima,Y,,
Aviceda jerdoni,Y,,
Aviceda leuphotes,Y,,Y
Aviceda subcristata,Y,,
Axis kuhlii,Y,Y,
Aythya fuligula,,,Y
Babyrousa babyrussa,Y,Y,
Balaenoptera acutorostrata,Y,,
Balaenoptera bonaerensis,Y,,
Balaenoptera borealis,Y,,
Balaenoptera edeni,Y,,
Balaenoptera musculus,Y,,
Balaenoptera omurai,Y,,
Balantiocheilos melanopterus,Y,,
Barbodes microps,Y,,
Basilornis celebensis,,Y,
Basilornis corythaix,,Y,
Basilornis galeatus,,Y,
Batagur affinis,Y,,
Batagur borneoensis,Y,,
Batrachostomus harterti,Y,,
Batrachostomus poliolophus,,Y,
Berenicornis comatus,Y,,
Birgus latro,Y,,
Borassodendron borneense,Y,,
Bos javanicus,Y,,
Brachypteryx floris,,Y,
Brachypteryx montana,,Y,
Brachypteryx saturata,,Y,
Bubalus depressicornis,Y,,
Bubalus quarlesi,Y,,
Bubulcus ibis,,,Y
Buceros bicornis,Y,,
Buceros rhinoceros,Y,,
Bulweria bulwerii,Y,,Y
Bulweria fallax,Y,,
Burhinus grallarius,Y,,
Butastur indicus,Y,,Y
Butastur liventer,Y,,
Butastur teesa,Y,,
Buteo japonicus,Y,,
Butorides striata,,,Y
Cacatua alba,Y,Y,
Cacatua citrinocristata,,Y,
Cacatua galerita,Y,,
Cacatua goffiniana,Y,Y,
Cacatua moluccensis,Y,Y,
Cacatua sanguiena,Y,,
Cacatua sulphurea,Y,,
Cacomantis aeruginosus,,Y,
Cacomantis flabelliformis,,,Y
Cacomantis merulinus,,,Y
Cacomantis sonneratii,,,Y
Cairina scutulata,Y,,
Calidris acuminata,,,Y
Calidris alba,,,Y
Calidris canutus,,,Y
Calidris falcinellus,,,Y
Calidris ferruginea,,,Y
Calidris pugnax,,,Y
Calidris ruficollis,,,Y
Calidris subminuta,,,Y
Calidris temminckii,,,Y
Calidris tenuirostris,,,Y
Caloenas nicobarica,Y,,
Calonectris leucomelas,Y,,Y
Caloramphus hayii,Y,,
Calorhamphus fuliginosus,Y,,
Camptostemon philippinense,Y,,
Capricornis sumatraensis,Y,,
Caprimulgus celebensis,,Y,
Caprimulgus concretus,Y,,
Caprimulgus jotaka,,,Y
Caprimulgus meesi,,Y,
Caprimulgus pulchellus,,Y,
Carcinoscorpius rotundicauda,Y,,
Caretta caretta,Y,,
Carettochelys insculpta,Y,,
Caridonax fulgidus,Y,Y,
Carpococcyx viridis,Y,Y,
Carterornis pileatus,,Y,
Caryota no,Y,,
Cassis cornuta,Y,,
Castanopsis argentea,Y,,
Casuarius bennetti,Y,,
Casuarius casuarius,Y,,
Casuarius unappendiculatus,Y,,
Cataponera turdoides,,Y,
Catharacta maccormicki,Y,,
Catopuma badia,Y,,
Catopuma temminckii,Y,,
Cecropis daurica,,,Y
Celebesica abbotti,,Y,
Centropus celebensis,,Y,
Centropus chalybeus,,Y,
Centropus goliath,,Y,
Centropus nigrorufus,Y,Y,
Centropus rectunguis,Y,,
Centropus spilopterus,,Y,
Ceratolobus glaucescens,Y,,
Cethosia myrina,Y,,
Ceyx cajeli,,Y,
Ceyx erithaca,,,Y
Ceyx fallax,,Y,
Ceyx lepidus,,Y,
Ceyx sangirensis,Y,Y,
Ceyx wallacii,,Y,
Chalcites basalis,,,Y
Chalcites crassirostris,,,Y
Chalcites lucidus,,,Y
Chalcites minutillus,,,Y
Chalcopsitta atra,Y,Y,
Chalcopsitta duivenbodei,Y,,
Chalcopsitta scintillata,Y,,
Charadrius alexandrinus,Y,,Y
Charadrius dealbatus,,,Y
Charadrius dubius,,,Y
Charadrius javanicus,Y,,
Charadrius leschenaultii,,,Y
Charadrius mongolus,,,Y
Charadrius placidus,Y,,
Charadrius ruficapillus,Y,,
Charadrius veredus,Y,,Y
Charmosyna josefinae,Y,,
Charmosyna multistriata,Y,,
Charmosyna papou,Y,Y,
Charmosyna placentis,Y,,
Charmosyna pulchella,Y,,
Charmosyna rubronotata,Y,,
Charmosyna stellae,Y,,
Charmosyna toxopei,Y,Y,
Charmosyna wilhelminae,Y,,
Charonia tritonis,Y,,
Chelodina mccordii,Y,,
Chelodina novaeguineae,Y,,
Chelonia mydas,Y,,
Chitala borneensis,Y,,
Chitala hypselonotus,Y,,
Chitala lopis,Y,,
Chitra chitra,Y,,
Chlamydera cerviniventris,Y,,
Chlamydera lauterbachi,Y,,
Chlamydosaurus kingii,Y,,
Chlidonias hybrida,Y,,Y
Chlidonias leucopterus,Y,,Y
Chloropsis cochinchinensis,Y,Y,
Chloropsis cyanopogon,Y,,
Chloropsis kinabaluensis,Y,,
Chloropsis media,Y,Y,
Chloropsis moluccensis,Y,,
Chloropsis sonnerati,Y,,
Chloropsis venusta,Y,Y,
Chrysococcyx maculatus,,,Y
Chrysococcyx xanthorhynchus,,,Y
Chrysocolaptes strictus,,Y,
Chrysocorythus estherae,Y,Y,
Chrysophlegma mentale,,Y,
Cicinnurus magnificus,Y,,
Cicinnurus regius,Y,,
Cicinnurus respublica,Y,Y,
Ciconia episcopus,Y,,
Ciconia stormi,Y,,Y
Cinnyris buettikoferi,Y,Y,
Cinnyris idenburgi,,Y,
Circaetus gallicus,Y,,Y
Circus aeruginosus,Y,,
Circus approximans,Y,,Y
Circus assimilis,Y,,
Circus melanoleucos,Y,,Y
Circus spilonotus,Y,,Y
Circus spilothorax,Y,,
Cissa chinensis,Y,,
Cissa thalassina,Y,Y,
Clamator coromandus,Y,,Y
Clanga clanga,Y,,
Cnemophilus loriae,Y,,
Cnemophilus sanguineus,Y,,
Cochoa azurea,Y,Y,
Cochoa beccarii,Y,Y,
Columba argentina,Y,,
Coracias temminckii,,Y,
Coracina atriceps,,Y,
Coracina fortis,,Y,
Coracina leucopygia,,Y,
Coracina novaehollandiae,,,Y
Coracina parvula,,Y,
Coracina schistacea,,Y,
Coracornis raveni,,Y,
Coracornis sanghirensis,,Y,
Corvus florensis,Y,Y,
Corvus fuscicapillus,Y,Y,
Corvus orru,Y,,
Corvus splendens,Y,,
Corvus tristis,Y,,
Corvus typicus,Y,Y,
Corvus unicolor,Y,Y,
Corvus validus,Y,Y,
Crocodylus novaeguineae,Y,,
Crocodylus porosus,Y,,
Crocodylus siamensis,Y,,
Crypsirina temia,Y,,
Cryptophaps poecilorrhoa,,Y,
Cuculus crassirostris,Y,,
Cuculus micropterus,,,Y
Cuculus optatus,,,Y
Cuculus saturatus,,,Y
Cuon alpinus,Y,,
Cyanoderma melanothorax,,Y,
Cyanoptila cyanomelana,,,Y
Cyclopsitta diophthalma,Y,,
Cyclopsitta gulielmitertii,Y,Y,
Cyclopsitta melanogenia,Y,,
Cyclopsitta nigrifrons,Y,,
Cymbidium hartinahianum,Y,,
Cynogale bennettii,Y,,
Cynornis brunneatus,Y,,
Cyornis colonus,,Y,
Cyornis concretus,Y,,
Cyornis djampeanus,,Y,
Cyornis hoevelli,,Y,
Cyornis oscillans,,Y,
Cyornis ruckii,Y,Y,
Cyornis sanfordi,Y,Y,
Cyornis stresemanni,,Y,
Dacelo tyro,Y,,
Daption capense,Y,,
Delichon dasypus,,,Y
Delphinus capensis,Y,,
Dendrocitta cinerascens,Y,,
Dendrocitta occipitalis,Y,Y,
Dendrolagus dorianus,Y,,
Dendrolagus goodfellowi,Y,,
Dendrolagus inustus,Y,,
Dendrolagus mbaiso,Y,,
Dendrolagus ursinus,Y,,
Dendronanthus indicus,,,Y
Dermochelys coriacea,Y,,
Dicaeum annae,,Y,
Dicaeum aureolimbatum,,Y,
Dicaeum beccarii,,Y,
Dicaeum celebicum,,Y,
Dicaeum erythrothorax,,Y,
Dicaeum ignicolle,,Y,
Dicaeum igniferum,,Y,
Dicaeum keiense,,Y,
Dicaeum nehrkorni,,Y,
Dicaeum sanguinolentum,,Y,
Dicaeum schistaceiceps,,Y,
Dicaeum trochileum,,Y,
Dicaeum wilhelminae,,Y,
Dicerorhinus sumatrensis,Y,,
Dicrurus annectens,,,Y
Dicrurus bracteatus,,,Y
Dicrurus hottentottus,,,Y
Dicrurus leucophaeus,,,Y
Dicrurus macrocercus,,,Y
Dicrurus sumatranus,,Y,
Drepanornis albertisi,Y,,
Drepanornis bruijnii,Y,,
Ducula luctuosa,,Y,
Ducula neglecta,,Y,
Ducula obiensis,,Y,
Ducula perspicillata,,Y,
Ducula spilorrhoa,,,Y
Dugong dugon,Y,,
Eclectus riedeli,,Y,
Eclectus roratus,Y,Y,
Edolisoma ceramense,,Y,
Edolisoma dispar,,Y,
Edolisoma grayi,,Y,Y
Edolisoma meyerii,,Y,Y
Edolisoma morio,,Y,
Edolisoma obiense,,Y,Y
Edolisoma sula,,Y,
Edolisoma tenuirostre,,,Y
Egretta eulophotes,Y,,Y
Egretta garzetta,,,Y
Egretta novaehollandiae,Y,,Y
Egretta picata,Y,,Y
Egretta sacra,,,Y
Elanus caeruleus,Y,,
Elephas maximus,Y,,
Enicurus velatus,,Y,
Enodes erythrophris,,Y,
Eos bornea,Y,Y,
Eos cyanogenia,Y,Y,
Eos histrio,Y,Y,
Eos reticulata,Y,Y,
Eos semilarvata,Y,Y,
Eos squamata,Y,Y,
Ephippiorhynchus asiaticus,Y,,
Epimachus fastosus,Y,,
Epimachus meyeri,Y,,
Eretmochelys imbricata,Y,,
Erythrogonys cinctus,Y,,
Erythropitta arquata,Y,,
Erythropitta caeruleitorques,Y,Y,
Erythropitta celebensis,Y,Y,
Erythropitta dohertyi,Y,Y,
Erythropitta granatina,Y,,
Erythropitta inspeculata,Y,Y,
Erythropitta macklotii,Y,,
Erythropitta palliceps,Y,Y,
Erythropitta rubrinucha,Y,Y,
Erythropitta rufiventris,Y,Y,
Erythropitta venusta,Y,Y,
Erythrotriorchis buergersi,Y,,
Esacus magnirostris,Y,,
Eudynamys orientalis,,,Y
Eudynamys scolopaceus,,,Y
Eulabeornis castaneoventris,Y,,
Eulipoa wallacei,Y,Y,
Eumyias additus,,Y,
Eumyias indigo,,Y,
Eumyias thalassinus,,,Y
Eurostopodus argus,,,Y
Eurostopodus diabolicus,Y,Y,
Eurycoma apiculata,Y,,
Eurylaimus javanicus,,Y,
Eurystomus orientalis,,,Y
Eutrichomyias rowleyi,Y,Y,
Falco berigora,Y,,
Falco cenchroides,Y,,
Falco longipennis,Y,,
Falco moluccensis,Y,,
Falco peregrinus,Y,,Y
Falco severus,Y,,Y
Falco subbuteo,Y,,
Falco tinnunculus,Y,,
Feresa attenuata,Y,,
Ficedula bonthaina,,Y,
Ficedula buruensis,,Y,
Ficedula henrici,,Y,
Ficedula mugimaki,,,Y
Ficedula narcissina,,,Y
Ficedula riedeli,,Y,
Ficedula rufigula,,Y,
Ficedula zanthopygia,,,Y
Fregata andrewsi,Y,,Y
Fregata minor,Y,,
Fulica atra,,,Y
Gallicolumba hoedtii,Y,,
Gallicrex cinerea,,,Y
Gallinago gallinago,,,Y
Gallinago hardwickii,,,Y
Gallinago megala,,,Y
Gallinago stenura,,,Y
Gallinula chloropus,,,Y
Garrulax bicolor,Y,Y,
Garrulax leucolophus,Y,,
Garrulax rufifrons,Y,Y,
Gelochelidon macrotarsa,,,Y
Gelochelidon nilotica,Y,,Y
Geoffroyus geoffroyi,Y,,
Geoffroyus simplex,Y,,
Geokichla citrina,,,Y
Geokichla erythronota,,Y,
Geokichla joiceyi,,Y,
Geokichla leucolaema,,Y,
Geokichla mendeni,,Y,
Geokichla sibirica,,,Y
Gerygone dorsalis,,Y,
Glareola maldivarum,Y,,Y
Glaucidium castanopterum,,Y,
Globicephala macrorhynchus,Y,,
Gorsachius goisagi,Y,,
Gorsachius melanolophus,Y,,Y
Goura cristata,Y,Y,
Goura sclaterii,Y,,
Goura victoria,Y,,
Gracula religiosa,Y,,
Gracula robusta,Y,Y,
Gracula venerata,Y,,
Gracupica jalla,,Y,
Grallina cyanoleuca,,,Y
Grampus griseus,Y,,
Gygis alba,Y,,
Gymnocrex rosenbergii,Y,Y,
Gymnocrex talaudensis,Y,Y,
Gymnophaps mada,,Y,
Gymnophaps stalkeri,,Y,
Gyps himalayensis,Y,,
Gypsophila rufipecta,,Y,
Habroptila wallacii,Y,Y,
Haematopus fuliginosus,Y,,
Haematopus longirostris,Y,,
Halcyon coromanda,,,Y
Halcyon cyanoventris,,Y,
Haliaeetus leucogaster,Y,,
Haliastur indus,Y,,
Haliastur sphenurus,Y,,Y
Harpactes diardii,Y,,
Harpactes duvaucelli,Y,,
Harpactes erythrocephalus,Y,,
Harpactes kasumba,Y,,
Harpactes oreskios,Y,,
Harpactes orrhophaeus,Y,,
Harpactes whiteheadi,Y,,
Harpyopsis novaeguineae,Y,,
Heinrichia calligyna,,Y,
Heinrichia simplex,,Y,
Helarctos malayanus,Y,,
Heleia javanica,Y,Y,
Heleia pinaiae,,Y,
Heleia squamiceps,,Y,
Heleia superciliaris,,Y,
Heleia wallacei,Y,Y,
Heliopais personatus,Y,,
Helopsaltes certhiola,,,Y
Helopsaltes fasciolata,,,Y
Helopsaltes ochotensis,,,Y
Hemicircus concretus,,Y,
Hemixos leucogrammicus,,Y,
Henicopernis longicauda,Y,,
Heritiera globosa,Y,,
Heteromyias albispecularis,,Y,
Heteroscenes pallidus,,,Y
Hieraaetus pennatus,Y,,
Hieraaetus weiskei,Y,,
Hierococcyx hyperythrus,,,Y
Hierococcyx nisicolor,,,Y
Hierococcyx sparverioides,,,Y
Hierococcyx vagans,,,Y
Himantopus himantopus,Y,,Y
Himantura oxyrhyncha,Y,,
Himantura polylepis,Y,,
Himantura signifer,Y,,
Hippopus hippopus,Y,,
Hippopus porcellanus,Y,,
Hirundapus caudacutus,,,Y
Hirundapus cochinchinensis,,,Y
Hirundo rustica,,,Y
Homaloptera gymnogaster,Y,,
Horornis carolinae,,Y,
Hydrobates matsudairae,Y,,Y
Hydrobates monorhis,Y,,Y
Hydrochous gigas,Y,,
Hydrophasianus chirurgus,,,Y
Hydroprogne caspia,Y,,Y
Hydrornis baudii,Y,,
Hydrornis caeruleus,Y,,
Hydrornis guajanus,Y,Y,
Hydrornis irena,Y,,
Hydrornis schneideri,Y,Y,
Hydrornis schwaneri,Y,,
Hylobates agilis,Y,,
Hylobates albibarbis,Y,,
Hylobates klosii,Y,,
Hylobates lar,Y,,
Hylobates moloch,Y,,
Hylobates muelleri,Y,,
Hylocitrea bonensis,,Y,
Hylocitrea bonthaina,,Y,
Hypotaenidia philippensis,,,Y
Hypothymis azurea,,,Y
Hypothymis puella,,Y,Y
Hypsipetes affinis,,Y,
Hypsipetes aureus,,Y,
Hypsipetes chloris,,Y,
Hypsipetes harterti,,Y,
Hypsipetes longirostris,,Y,
Hypsipetes lucasi,,Y,
Hypsipetes mysticalis,,Y,
Hypsipetes platenae,,Y,
Hystrix javanica,Y,,
Ichthyophaga humilis,Y,,
Ichthyophaga ichthyaetus,Y,,
Ictinaetus malaiensis,Y,,
Indicator archipelagicus,Y,,
Indopacetus pacificus,Y,,
Iomys horsfieldi,Y,,
Ixobrychus cinnamomeus,,,Y
Ixobrychus dubius,,,Y
Ixobrychus eurhythmus,Y,,Y
Ixobrychus flavicollis,Y,,Y
Ixobrychus sinensis,,,Y
Ixos sumatranus,,Y,
Ixos virescens,,Y,
Johannesteijsmannia altifrons,Y,,
Kogia breviceps,Y,,
Kogia sima,Y,,
Lagenodelphis hosei,Y,,
Lalage aurea,,Y,
Lalage leucopygialis,,Y,
Lalage moesta,,Y,
Laniellus albonotatus,Y,Y,
Lanius cristatus,,,Y
Lanius schach,,,Y
Lanius tigrinus,,,Y
Lanthanotus borneensis,Y,,
Lariscus hosei,Y,,
Larus brunnicephalus,Y,,Y
Larus fuscus,Y,,
Larus novaehollandiae,Y,,
Larus ridibundus,Y,,Y
Larus schistisagus,Y,,
Larvivora cyane,,,Y
Latimeria menadoensis,Y,,
Leiothrix laurinae,Y,Y,
Lepidochelys olivacea,Y,,
Leptophryne cruentata,Y,,
Leptoptilos javanicus,Y,,Y
Leucopsar rothschildi,,Y,
Leucopsar rothschildii,Y,,
Lichmera argentauris,,Y,
Lichmera monticola,,Y,
Lichmera notabilis,,Y,
Lichmera squamata,,Y,
Limnodromus scolopaceus,Y,,
Limnodromus semipalmatus,Y,,Y
Limosa lapponica,,,Y
Limosa limosa,,,Y
Loboparadisea sericea,Y,,
Locustella castanea,,Y,
Locustella lanceolata,,,Y
Locustella montis,,Y,
Lonchura ferruginosa,,Y,
Lonchura oryzivora,Y,Y,
Lonchura vana,Y,Y,
Lophorina magnifica,Y,,
Lophorina superba,Y,Y,
Lophotriorchis kienerii,Y,,
Lophura bulweri,Y,,
Loriculus amabilis,Y,Y,
Loriculus aurantiifrons,Y,,
Loriculus catamene,Y,Y,
Loriculus exilis,Y,Y,
Loriculus flosculus,Y,Y,
Loriculus galgulus,Y,,
Loriculus pusillus,Y,Y,
Loriculus sclateri,Y,Y,
Loriculus stigmatus,Y,Y,Y
Lorius domicella,Y,Y,
Lorius garrulus,Y,Y,
Lorius lory,Y,,
Lutra lutra,Y,,
Lutra sumatrana,Y,,
Lutrogale perspicillata,Y,,
Lycocorax obiensis,Y,Y,
Lycocorax pyrrhopterus,Y,Y,
Macaca maura,Y,,
Macaca nigra,Y,,
Macaca ochreata,Y,,
Macaca pagensis,Y,,
Macaca tonkeana,Y,,
Macgregoria pulchra,Y,,
Macheiramphus alcinus,Y,,
Macrocephalon maleo,Y,Y,
Macrogalidia musschenbroekii,Y,,
Macropygia macassariensis,,Y,
Macropygia timorlaoensis,,Y,
Macropygia unchall,,,Y
Malacocincla perspicillata,,Y,
Malayophython timoriensis,Y,,
Malia grata,,Y,
Manis javanica,Y,,
Manouria emys,Y,,
Manucodia ater,Y,,
Manucodia chalybatus,Y,,
Manucodia jobiensis,Y,,
Mareca penelope,,,Y
Megacrex inepta,Y,,
Megaloprepia formosa,,Y,
Megapodius bernsteinii,Y,Y,
Megapodius cumingii,Y,,
Megapodius decollatus,Y,,
Megapodius forstenii,Y,,
Megapodius freycinet,Y,Y,
Megapodius geelvinkianus,Y,Y,
Megapodius reinwardt,Y,,
Megapodius tenimberensis,Y,Y,
Megaptera novaeangliae,Y,,
Megatriorchis doriae,Y,,
Meiglyptes tristis,,Y,
Melipotes carolae,Y,Y,
Melipotes fumigatus,Y,,
Melipotes gymnops,Y,Y,
Meropogon forsteni,Y,Y,
Merops leschenaulti,,,Y
Merops ornatus,,,Y
Merops philippinus,,,Y
Merops viridis,,,Y
Mesoplodon densirostris,Y,,
Mesoplodon ginkgodens,Y,,
Microeca hemixantha,,Y,
Microhierax fringillarius,Y,,
Microhierax latifrons,Y,,
Micropsitta bruijnii,Y,,Y
Micropsitta geelvinkiana,Y,Y,
Micropsitta keiensis,Y,,
Micropsitta pusio,Y,,
Milvus migrans,Y,,Y
Mixornis flavicollis,,Y,
Mixornis prillwitzi,,Y,
Monarcha frater,,,Y
Monarcha melanopsis,,,Y
Monticola solitarius,,,Y
Morelia viridis,Y,,
Motacilla cinerea,,,Y
Motacilla tschutschensis,,,Y
Mulleripicus fulvus,Y,Y,
Mulleripicus pulverulentus,Y,,
Muntiacus atherodes,Y,,
Muntiacus muntjak,Y,,
Muscicapa dauurica,,,Y
Muscicapa ferruginea,,,Y
Muscicapa griseisticta,,,Y
Muscicapa segregata,,Y,
Muscicapa sibirica,,,Y
Muscicapa sodhii,Y,,
Mycteria cinerea,Y,,Y
Myiagra cyanoleuca,,,Y
Myiagra rubecula,,,Y
Myiomela diana,,Y,
Myophonus castaneus,,Y,
Myophonus glaucinus,,Y,
Myophonus melanurus,,Y,
Myza celebensis,,Y,
Myza sarasinorum,,Y,
Myzomela batjanensis,,Y,
Myzomela blasii,,Y,
Myzomela boiei,,Y,
Myzomela chloroptera,,Y,
Myzomela kuehni,,Y,
Myzomela rubrobrunnea,,Y,
Myzomela rubrotincta,,Y,
Myzomela simplex,,Y,
Myzomela wakoloensis,,Y,
Napothera albostriata,,Y,
Nasalis larvatus,Y,,
Natator depressus,Y,,
"Nautilus pompilius Linne, 1758",Y,,
Neofelis diardi,Y,,
Neolissochilus thienemanni,Y,,
Neophocaena phocaenoides,Y,,
Neopsittacus musschenbroeki,Y,,
Neopsittacus pullicauda,Y,,
Neopteryx frosti,Y,,
Nepenthes adnata,Y,,
Nepenthes adrianii,Y,,
Nepenthes albomarginata,Y,,
Nepenthes aristolochioides,Y,,
Nepenthes bicalcarata,Y,,
Nepenthes bongso,Y,,
Nepenthes boschiana,Y,,
Nepenthes campanulata,Y,,
Nepenthes clipeata,Y,,
Nepenthes danseri,Y,,
Nepenthes densiflora,Y,,
Nepenthes diatas,Y,,
Nepenthes dubia,Y,,
Nepenthes ephippiata,Y,,
Nepenthes epiphytica,Y,,
Nepenthes eustachya,Y,,
Nepenthes eymae,Y,,
Nepenthes fusca,Y,,
Nepenthes glabrata,Y,,
Nepenthes gymnamphora,Y,,
Nepenthes hamata,Y,,
Nepenthes hirsuta,Y,,
Nepenthes hispida,Y,,
Nepenthes inermis,Y,,
Nepenthes insignis,Y,,
Nepenthes izumiae,Y,,
Nepenthes jacquelineae,Y,,
Nepenthes jamban,Y,,
Nepenthes klossii,Y,,
Nepenthes lamii,Y,,
Nepenthes lavicola,Y,,
Nepenthes lingulata,Y,,
Nepenthes lowii,Y,,
Nepenthes mapuluensis,Y,,
Nepenthes maxima,Y,,
Nepenthes mikei,Y,,
Nepenthes mollis,Y,,
Nepenthes naga,Y,,
Nepenthes neoguineensis,Y,,
Nepenthes nigra,Y,,
Nepenthes ovata,Y,,
Nepenthes paniculata,Y,,
Nepenthes papuana,Y,,
Nepenthes pectinata,Y,,
Nepenthes pilosa,Y,,
Nepenthes pitopangii,Y,,
Nepenthes rhombicaulis,Y,,
Nepenthes rigidifolia,Y,,
Nepenthes singalana,Y,,
Nepenthes spathulata,Y,,
Nepenthes spectabilis,Y,,
Nepenthes stenophylla,Y,,
Nepenthes sumatrana,Y,,
Nepenthes tentaculata,Y,,
Nepenthes tobaica,Y,,
Nepenthes tomoriana,Y,,
Nepenthes treubiana,Y,,
Nepenthes undulatifolia,Y,,
Nepenthes veitchii,Y,,
Nesolagus netscheri,Y,,
Nettapus coromandelianus,Y,,Y
Ninox burhani,Y,Y,
Ninox forbesi,,Y,
Ninox hantu,,Y,
Ninox ios,Y,Y,
Ninox japonica,,,Y
Ninox ochracea,,Y,
Ninox punctulata,,Y,
Ninox rudolfi,,Y,
Ninox squamipila,,Y,
Ninox sumbaensis,,Y,
Nisaetus alboniger,Y,,
Nisaetus bartelsi,Y,Y,
Nisaetus cirrhatus,Y,,
Nisaetus floris,Y,Y,
Nisaetus lanceolatus,Y,Y,
Nisaetus nanus,Y,,
Notopterus notopterus,Y,,
Numenius arquata,Y,,Y
Numenius madagascariensis,Y,,Y
Numenius minutus,Y,,Y
Numenius phaeopus,Y,,Y
Nycticebus coucang,Y,,
Nycticebus javanicus,Y,,
Nycticebus menagensis,Y,,
Nycticorax caledonicus,Y,,Y
Nycticorax nycticorax,,,Y
Oceanites oceanicus,Y,,Y
Onychoprion aleuticus,Y,,Y
Onychoprion anaethetus,Y,,Y
Onychoprion fuscatus,Y,,Y
Onychoprion lunatus,Y,,
Orcaella brevirostris,Y,,
Orcinus orca,Y,,
Oreopsittacus arfaki,Y,,
Oreornis chrysogenys,,Y,
Oriolus bouroensis,,Y,
Oriolus chinensis,,,Y
Oriolus cruentus,,Y,
Oriolus decipiens,,Y,
Oriolus forsteni,,Y,
Oriolus sagittatus,,,Y
Orlitia borneensis,Y,,
Ornithoptera aesacus,Y,,
Ornithoptera chimaera,Y,,
Ornithoptera croesus,Y,,
Ornithoptera goliath,Y,,
Ornithoptera meridionalis,Y,,
Ornithoptera paradisea,Y,,
Ornithoptera priamus,Y,,
Ornithoptera rothschildi,Y,,
Ornithoptera tithonus,Y,,
Orthotomus sepium,,Y,
Otidiphaps aruensis,,Y,
Otus alfredi,Y,Y,
Otus angelinae,Y,Y,
Otus beccarii,Y,Y,
Otus brookii,Y,,
Otus collari,Y,Y,
Otus enganensis,Y,Y,
Otus jolandae,Y,,
Otus manadensis,Y,Y,
Otus mendeni,Y,Y,
Otus mentawi,Y,Y,
Otus siaoensis,Y,Y,
Otus silvicola,,Y,
Otus sulaensis,,Y,
Otus sunia,,,Y
Otus tempestatis,,Y,
Otus umbra,Y,Y,
Pachycephala griseonota,,Y,
Pachycephala mentalis,,Y,
Pachycephala meyeri,,Y,
Pachycephala nudigula,,Y,
Pachycephala par,,Y,
Pachycephala phaionota,,Y,
Pachycephala sulfuriventer,,Y,
Pachycephala teysmanni,,Y,
Pachyptila desolata,Y,,
Pandion haliaetus,Y,,Y
Panthera pardus melas,Y,,
Panthera tigris sumatrae,Y,Y,
Papasula abbotti,Y,,Y
Paphiopedilum gigantifolium,Y,,
Paphiopedilum glanduliferum,Y,,
Paphiopedilum glaucophyllum,Y,,
Paphiopedilum kolopakingii,Y,,
Paphiopedilum liemianum,Y,,
Paphiopedilum mastersianum,Y,,
Paphiopedilum nataschae,Y,,
Paphiopedilum primulinum,Y,,
Paphiopedilum robinsonianum,Y,,
Paphiopedilum sangii,Y,,
Paphiopedilum supardii,Y,,
Paphiopedilum victoria-mariae,Y,,
Paphiopedilum victoria-regina,Y,,
Paphiopedilum violacens,Y,,
Paphiopedilum wilhelminae,Y,,
Paradigalla brevicauda,Y,,
Paradigalla carunculata,Y,Y,
Paradisaea apoda,Y,,
Paradisaea minor,Y,,
Paradisaea rubra,Y,Y,
Paraphalaenopsis denevei,Y,,
Paraphalaenopsis labukensis,Y,,
Paraphalaenopsis laycockii,Y,,
Paraphalaenopsis serpentilingua,Y,,
Pardofelis marmorata,Y,,
Parotia berlepschi,Y,Y,
Parotia carolae,Y,,
Parotia sefilata,Y,Y,
Pavo muticus,Y,,
Pelagodroma marina,Y,,Y
Pelargopsis melanorhyncha,,Y,
Pelecanus conspicillatus,Y,,Y
Pelecanus onocrotalus,Y,,
Pelecanus philippensis,Y,,Y
Pellorneum capistratum,,Y,
Peneothello cryptoleuca,,Y,
Peponocephala electra,Y,,
Pericrocotus divaricatus,,,Y
Pericrocotus lansbergei,,Y,
Pericrocotus miniatus,,Y,
Pernis celebensis,Y,Y,
Pernis ptilorhynchus,Y,,Y
Petrochelidon nigricans,,,Y
Petroica archboldi,Y,Y,
Petroica bivittata,Y,,
Phaethon lepturus,Y,,Y
Phaethon rubricauda,Y,,Y
Phalacrocorax carbo,,,Y
Phalaenopsis bellina,Y,,
Phalaenopsis celebensis,Y,,
Phalaenopsis floresensis,Y,,
Phalaenopsis gigantea,Y,,
Phalaenopsis javanica,Y,,
Phalaenopsis sumatrana,Y,,
Phalanger alexandrae,Y,,
Phalanger carmelitae,Y,,
Phalanger gymnotis,Y,,
Phalanger intercastellanus,Y,,
Phalanger matabiru,Y,,
Phalanger rothschildi,Y,,
Phalanger sericeus,Y,,
Phalanger vestitus,Y,,
Phalaropus lobatus,Y,,Y
Philemon brassi,,Y,
Philemon citreogularis,,,Y
Philemon corniculatus,,,Y
Philemon kisserensis,,Y,
Philemon moluccensis,,Y,
Philemon plumigenis,,Y,
Philemon subcorniculatus,,Y,
Phonygammus keraudrenii,Y,,
Phylloscopus borealis,,,Y
Phylloscopus coronatus,,,Y
Phylloscopus examinandus,,,Y
Phylloscopus grammiceps,,Y,
Phylloscopus maforensis,,Y,
Phylloscopus misoriensis,,Y,
Phylloscopus sarasinorum,,Y,
Phylloscopus xanthodryas,,,Y
Physeter macrocephalus,Y,,
Picoides temminckii,,Y,
Pigafetta filaris,Y,,
Pinanga javana,Y,,
Pitohui cerviniventris,,Y,
Pitta elegans,Y,,
Pitta maxima,Y,Y,
Pitta megarhyncha,Y,,
Pitta moluccensis,Y,,Y
Pitta morotaiensis,Y,Y,
Pitta novaeguineae,,,Y
Pitta nympha,Y,,
Pitta rosenbergii,Y,Y,Y
Pitta sordida,Y,,Y
Pitta versicolor,Y,,Y
Platalea regia,Y,,Y
Platylophus galericulatus,Y,,
Platysmurus leucopterus,Y,,
Plegadis falcinellus,Y,,Y
Pluvialis fulva,,,Y
Pluvialis squatarola,,,Y
Podiceps cristatus,Y,,
Polyplectron chalcurum,Y,Y,
Polyplectron schleiermacheri,Y,,
Pongo abelii,Y,Y,
Pongo pygmaeus,Y,Y,
Pongo tapanuliensis,Y,Y,
Porzana paykullii,Y,,
Porzana tabuensis,Y,,
Presbytis comata,Y,,
Presbytis frontata,Y,,
Presbytis melalophos,Y,,
Presbytis natunae,Y,,
Presbytis potenziani,Y,,
Presbytis rubicunda,Y,,
Presbytis thomasi,Y,,
Prinia familiaris,,Y,
Prionailurus bengalensis,Y,,
Prionailurus planiceps,Y,,
Prionailurus viverrinus,Y,,
Prioniturus flavicans,Y,Y,
Prioniturus mada,Y,Y,
Prioniturus platurus,Y,Y,
Prionodon linsang,Y,,
Pristis clavata,Y,,
Pristis pristis,Y,,
Pristis zijsron,Y,,
Probosciger aterrimus,Y,,
Psaltria exilis,Y,Y,
Pseudeos fuscata,Y,,Y
Pseudibis davisoni,Y,,
Pseudobulweria rostrata,Y,,
Pseudorca crassidens,Y,,
Psilopogon armillaris,Y,Y,
Psilopogon chrysopogon,Y,,
Psilopogon corvinus,Y,Y,
Psilopogon eximius,Y,,
Psilopogon henricii,Y,,
Psilopogon javensis,Y,Y,
Psilopogon lineatus,Y,,
Psilopogon monticola,Y,,
Psilopogon mystacophanos,Y,,
Psilopogon oorti,Y,,
Psilopogon pulcherrimus,Y,,
Psilopogon pyrolophus,Y,,
Psilopogon rafflesii,Y,,
Psittacella brehmii,Y,,
Psittacella lorentzi,Y,Y,
Psittacella madaraszi,Y,,
Psittacella modesta,Y,,
Psittacella picta,Y,,
Psittacula alexandri,Y,,
Psittacula longicauda,Y,,
Psittaculirostris cervicalis,Y,,
Psittaculirostris desmarestii,Y,Y,
Psittaculirostris edwardsii,Y,,
Psittaculirostris godmani,Y,,
Psittaculirostris salvadorii,Y,Y,
Psitteuteles goldiei,Y,,
Psitteuteles iris,Y,,
Psittinus abbotti,,Y,
Psittinus cyanurus,Y,,
Psittrichas fulgidus,Y,,
Pteridophora alberti,Y,,
Pterodorma baraui,Y,,
Pterodorma sandwichensis,Y,,
Pteropus pumilus,Y,,
Pteruthius flaviscapis,,Y,
Ptilinopus dohertyi,Y,Y,
Ptilinopus granulifrons,Y,Y,
Ptilinopus hyogastrus,,Y,
Ptilinopus regina,,,Y
Ptilinopus temminckii,,Y,
Ptilinopus wallacii,,Y,
Ptilocichla leucogrammica,Y,,
Puffinus heinrothi,Y,,
Pycnonotus bimaculatus,,Y,
Pycnonotus tympanistrigus,,Y,
Python bivittatus,Y,,
Rafflesia arnoldii,Y,,
Rafflesia bengkuluensis,Y,,
Rafflesia gadutensis,Y,,
Rafflesia hasseltii,Y,,
Rafflesia kemumu,Y,,
Rafflesia lawangensis,Y,,
Rafflesia meijeri,Y,,
Rafflesia micropylora,Y,,
Rafflesia patma,Y,,
Rafflesia pricei,Y,,
Rafflesia rochussenii,Y,,
Rafflesia tuan-mudae,Y,,
Rafflesia zollingeriana,Y,,
Rallicula forbesi,Y,,
Rallicula leucospila,Y,Y,
Rallicula mayri,Y,,
Rallina eurizonoides,,,Y
Rallina fasciata,,,Y
Ramphiculus epius,,Y,
Ramphiculus fischeri,,Y,
Ramphiculus jambu,,,Y
Ramphiculus mangoliensis,,Y,
Ramphiculus meridionalis,,Y,
Ramphiculus subgularis,,Y,
Ramsayornis modestus,,,Y
Reinwardtoena reinwardti,,Y,
Rhabdotorrhinus corrugatus,Y,,
Rhabdotorrhinus exarhatus,Y,Y,
Rhinoceros sondaicus,Y,,
Rhinoplax vigil,Y,,
Rhipidura dedemi,,Y,
Rhipidura diluta,,Y,
Rhipidura dryas,,,Y
Rhipidura euryura,Y,Y,
Rhipidura fuscorufa,,Y,
Rhipidura hoedti,,Y,
Rhipidura javanica,Y,,
Rhipidura kordensis,,Y,
Rhipidura opistherythra,,Y,
Rhipidura phoenicura,Y,Y,
Rhipidura rufifrons,,,Y
Rhipidura superflua,,Y,
Rhipidura tenkatei,,Y,
Rhipidura teysmanni,,Y,
Rhyticeros cassidix,Y,Y,
Rhyticeros everetti,Y,Y,
Rhyticeros plicatus,Y,,
Rhyticeros undulatus,Y,,
Rostratula benghalensis,Y,,
Rubigula dispar,,Y,
Rusa timorensis,Y,,
Rusa unicolor,Y,,
Salvadorina waigiuensis,Y,,
Saxicola caprata,,,Y
Schismatorhynchus heterorhynchus,Y,,
Scissirostrum dubium,,Y,
Scleropages formosus,Y,,
Scleropages jardinii,Y,,
Scolopax celebensis,Y,Y,
Scolopax rochussenii,Y,Y,
Scolopax rosenbergii,Y,,
Scolopax saturata,Y,Y,
Scythrops novaehollandiae,,,Y
Seleucidis melanoleucus,Y,,
Semioptera wallacii,Y,Y,
Sericornis rufescens,,Y,
Sericulus ardens,Y,,
Sericulus aureus,Y,,
Setornis criniger,Y,,
Simalia boeleni,Y,,
Simias concolor,Y,,
Sousa chinensis,Y,,
Spatula querquedula,,,Y
Spilocuscus maculatus,Y,,
Spilocuscus papuensis,Y,,
Spilocuscus rufoniger,Y,,
Spilopelia chinensis,,,Y
Spilornis cheela,Y,,
Spilornis kinabaluensis,Y,,
Spilornis rufipectus,Y,Y,
Stachyris grammiceps,Y,Y,
Stachyris thoracica,,Y,
Stenella attenuata,Y,,
Stenella coeruleoalba,Y,,
Stenella longirostris,Y,,
Steno bredanensis,Y,,
Stercorarius longicaudus,Y,,Y
Stercorarius parasiticus,Y,,Y
Stercorarius pomarinus,Y,,Y
Sterluna albifrons,Y,,
Sterna dougallii,Y,,Y
Sterna hirundo,Y,,Y
Sterna paradisea,Y,,
Sterna sumatrana,Y,,Y
Sternula albifrons,,,Y
Stiltia isabella,Y,,Y
Streptocitta albertinae,,Y,
Streptocitta albicollis,,Y,
Streptocitta torquata,,Y,
Streptopelia tranquebarica,,,Y
Strigocuscus celebensis,Y,,
Strigocuscus pelengensis,Y,,
Sula dactylatra,Y,,
Sula leucogaster,Y,,
Sula sula,Y,,Y
Surniculus dicruroides,,,Y
Surniculus lugubris,,,Y
Surniculus musschenbroeki,,Y,
Symphalangus syndactylus,Y,,
Symposiachrus boanensis,Y,Y,
Symposiachrus brehmii,Y,Y,
Symposiachrus everetti,Y,Y,
Symposiachrus julianae,Y,Y,
Symposiachrus leucurus,,Y,
Symposiachrus loricatus,,Y,
Symposiachrus sacerdotum,Y,Y,
Symposiachrus trivirgatus,,,Y
Tachybaptus novaehollandiae,Y,,Y
Tachybaptus ruficollis,Y,,Y
Tachyglossus aculeatus,Y,,
Tachypleus gigas,Y,,
Tachypleus tridentatus,Y,,
Talegalla cuvieri,Y,Y,
Talegalla fuscirostris,Y,,
Talegalla jobiensis,Y,,
Tanygnathus gramineus,Y,Y,
Tanygnathus lucionensis,Y,,
Tanygnathus megalorynchos,Y,,
Tanygnathus sumatranus,Y,,
Tanysiptera carolinae,Y,Y,
Tanysiptera ellioti,Y,Y,
Tanysiptera riedelii,Y,Y,
Tanysiptera sylvia,,,Y
Tapirus indicus,Y,,
Tarsius bancanus,Y,,
Tarsius dentatus,Y,,
Tarsius lariang,Y,,
Tarsius pelengensis,Y,,
Tarsius pumilus,Y,,
Tarsius sangirensis,Y,,
Tarsius tarsier,Y,,
Tarsius tumpara,Y,,
Taxus sumatrana,Y,,
Tephrozosterops stalkeri,,Y,
Terpsiphone affinis,,,Y
Terpsiphone atrocaudata,,,Y
Terpsiphone floris,,Y,Y
Terpsiphone incei,,,Y
Tesia everetti,,Y,
Tesia superciliaris,,Y,
Thalasseus bengalensis,Y,,Y
Thalasseus bergii,Y,,Y
Thalasseus bernsteini,Y,,Y
Threskiornis melanocephalus,Y,,Y
Threskiornis moluccus,Y,,Y
Threskiornis spinicollis,Y,,Y
Thylogale browni,Y,,
Thylogale brunii,Y,,
Thylogale stigmatica,Y,,
Todiramphus diops,,Y,
Todiramphus enigma,,Y,
Todiramphus funebris,,Y,
Todiramphus lazuli,,Y,
Todiramphus macleayii,,,Y
Todiramphus sanctus,,,Y
Todirhamphus australasia,Y,,
Todirhamphus enigma,Y,,
Todirhamphus funebris,Y,,
Todirhamphus lazuli,Y,,
Todirhamphus saurophagus,Y,,
Tomistoma schlegelii,Y,,
Trachypithecus auratus,Y,,
Trachypithecus cristatus,Y,,
Tragulus javanicus,Y,,
Tragulus kanchil,Y,,
Tragulus napu,Y,,
Treron aromaticus,,Y,
Treron curvirostra,,,Y
Treron griseicauda,,Y,
Treron olax,,,Y
Treron oxyurus,,Y,
Treron psittaceus,Y,,
Treron teysmannii,Y,Y,
Trichoglossus capistratus,Y,,
Trichoglossus euteles,Y,,
Trichoglossus flavoviridis,Y,Y,
Trichoglossus forsteni,Y,Y,
Trichoglossus haematodus,Y,,
Trichoglossus meyeri,Y,Y,
Trichoglossus ornatus,Y,Y,
Trichoglossus rosenbergii,Y,Y,
Trichoglossus weberi,Y,Y,
Tringa brevipes,,,Y
Tringa erythropus,Y,,Y
Tringa flavipes,Y,,
Tringa glareola,,,Y
Tringa guttifer,Y,,Y
Tringa incana,Y,,
Tringa nebularia,,,Y
Tringa ochropus,Y,,Y
Tringa stagnatilis,,,Y
Tringa totanus,,,Y
Trogonoptera brookiana,Y,,
Troides amphrysus,Y,,
Troides andromache,Y,,
Troides criton,Y,,
Troides cuneifera,Y,,
Troides dohertyi,Y,,
Troides haliphron,Y,,
Troides helena,Y,,
Troides hypolitus,Y,,
Troides meoris,Y,,
Troides miranda,Y,,
Troides oblongomaculatus,Y,,
Troides plato,Y,,
Troides prattorum,Y,,
Troides riedeli,Y,,
Troides vandepolli,Y,,
Turdinus macrodactylus,Y,,
Turdus obscurus,,,Y
Turnix everetti,Y,Y,
Tursiops aduncus,Y,,
Tursiops truncatus,Y,,
Tyto almae,,Y,
Tyto inexspectata,Y,Y,
Tyto nigrobrunnea,Y,Y,
Tyto rosenbergii,,Y,
Urolophus kaianus,Y,,
Vanda celebica,Y,,
Vanda sumatrana,Y,,
Vanellus cinereus,Y,,
Vanellus indicus,Y,,
Vanellus macropterus,Y,Y,
Vanellus miles,Y,,
Varanus auffenbergi,Y,,
Varanus becarii,Y,,
Varanus boehmei,Y,,
Varanus indicus,Y,,
Varanus komodoensis,Y,Y,
Varanus melinus,Y,,
Varanus nebulosus,Y,,
Varanus panoptes,Y,,
Varanus prasinus,Y,,
Varanus reisingeri,Y,,
Varanus similis,Y,,
Varanus timorensis,Y,,
Varanus togianus,Y,,
Vatica javanica,Y,,
Xema sabini,Y,,
Xenus cinereus,,,Y
Zaglossus bruijni,Y,,
Zapornia fusca,,,Y
Zapornia paykullii,,,Y
Zapornia pusilla,,,Y
Ziphius cavirostris,Y,,
Zonerodius heliosylus,Y,,
Zoothera aurea,,,Y
Zoothera heinrichi,,Y,
Zoothera machiki,,Y,
Zosterops atriceps,,Y,
Zosterops atrifrons,,Y,
Zosterops buruensis,,Y,
Zosterops chloris,,Y,
Zosterops flavus,Y,Y,
Zosterops grayi,,Y,
Zosterops kuehni,,Y,
Zosterops melanurus,,Y,
Zosterops mysorensis,,Y,
Zosterops nehrkorni,Y,Y,
Zosterops stalkeri,,Y,
Zosterops uropygialis,,Y,
