Species,Species_Syn,Protected,Endemic,Migratory,End_Islands,Notes
Accipiter badius,NA,Y,NA,NA,NA,NA
Accipiter cirrocephalus,NA,Y,NA,NA,NA,NA
Accipiter erythrauchen,NA,Y,Y,NA,MALUKU,"Accipiter erythrauchen is found on the islands of Morotai, Halmahera, Bacan, Obi, Buru, Ambon and Seram, Indonesia (Ferguson-Lees and Christie 2001)."
Accipiter fasciatus,NA,Y,NA,NA,NA,NA
Accipiter griseiceps,NA,Y,Y,NA,SULAWESI,https://www.iucnredlist.org/species/22695465/93510962
Accipiter gularis,NA,Y,NA,Y,NA,NA
Accipiter henicogrammus,NA,Y,Y,NA,MALUKU UTARA,https://www.iucnredlist.org/species/22695544/176242444
Accipiter hiogaster,NA,Y,NA,NA,NA,NA
Accipiter melanochlamys,NA,Y,NA,NA,NA,NA
Accipiter meyerianus,NA,Y,NA,NA,NA,NA
Accipiter nanus,NA,Y,Y,NA,SULAWESI,https://www.iucnredlist.org/species/22695591/207761327
Accipiter nisus,NA,Y,NA,NA,NA,NA
Accipiter poliocephalus,NA,Y,NA,NA,PAPUA,https://www.iucnredlist.org/species/22695558/93515750
Accipiter rhodogaster,NA,Y,Y,NA,SULAWESI,https://www.iucnredlist.org/species/22695610/93519156
Accipiter soloensis,NA,Y,NA,Y,NA,NA
Accipiter sylvestris,NA,Y,Y,NA,NUSA TENGGARA,https://www.iucnredlist.org/species/22727727/94958582
Accipiter trinotatus,NA,Y,Y,NA,SULAWESI,https://www.iucnredlist.org/species/22695516/93513461
Accipiter trivirgatus,NA,Y,NA,NA,NA,NA
Accipiter virgatus,NA,Y,NA,NA,NA,NA
Acerodon humilis,NA,Y,Y,NA,"KARAKELONG, SULAWESI","This species is known only from the islands of Salebabu (95 kmÂ²) and Karekaleng (976 kmÂ²) in the Talaud group, in Indonesia. It was described in 1909 from three specimens and no further specimens had been recorded until Riley (2002) found the bat alive on the Talaud Islands. The type locality for this species is Lirong, Talaud Islands, Indonesia."
Acridotheres cinereus,NA,NA,Y,NA,SULAWESI,https://www.iucnredlist.org/species/22710940/176451306
Acridotheres javanicus,NA,NA,Y,NA,"JAWA, BALI",https://www.iucnredlist.org/species/103871334/176499647
Acridotheres melanopterus,NA,Y,Y,NA,JAWA,https://www.iucnredlist.org/species/22710909/201845082
Acridotheres tertius,Acridotheres melanopterus,Y,NA,NA,NA,NA
Acridotheres tricolor,Acridotheres melanopterus,Y,NA,NA,NA,NA
Acridotheres melanopterus,NA,Y,NA,NA,NA,NA
Acrocephalus australis,NA,NA,NA,Y,NA,NA
Acrocephalus bistrigiceps,NA,NA,NA,Y,NA,NA
Acrocephalus orientalis,NA,NA,NA,Y,NA,NA
Actenoides capucinus,NA,Y,Y,NA,SULAWESI (TENGGARA & SELATAN),"Actenoides capucinus is restricted to east, south-east and south Sulawesi, Indonesia (BirdLife International 2001). It is generally considered to be uncommon, although it is highly inconspicuous."
Actenoides concretus,NA,Y,NA,NA,NA,NA
Actenoides monachus,NA,Y,Y,NA,SULAWESI (TENGAH & BARAT),"Actenoides monachus is restricted to north and central Sulawesi including the islands of Manadotua and Lembeh, Indonesia (BirdLife International 2001). It is generally considered to be uncommon, although it is highly inconspicuous. It is reported to be locally common in parts of Lore Lindu National Park, Dumoga-Bone National Park and Tangkoko DuaSudara Nature Reserve."
Actenoides princeps,NA,Y,Y,NA,SULAWESI (BARAT & TENGAH),https://www.iucnredlist.org/species/22726858/217814614
Actenoides regalis,NA,NA,Y,NA,SULAWESI (TENGGARA),https://www.iucnredlist.org/species/22727941/94966220
Actitis hypoleucos,NA,NA,NA,Y,NA,NA
Aegotheles crinifrons,NA,NA,Y,NA,MALUKU UTARA,https://www.iucnredlist.org/species/22689546/130166032
Aepypodius arfakianus,NA,Y,Y,NA,PAPUA,https://www.iucnredlist.org/species/22678555/92778438
Aepypodius bruijnii,NA,Y,Y,NA,PAPUA BARAT,https://www.iucnredlist.org/species/22678559/188436669
Aerodramus infuscatus,NA,NA,Y,NA,SULAWESI & MALUKU,https://www.iucnredlist.org/species/22686522/130108054
Aerodramus vulcanorum,NA,Y,Y,NA,JAWA,https://www.iucnredlist.org/species/22686543/110969594
Aethopyga duyvenbodei,NA,Y,Y,NA,SULAWESI (KEPULAUAN SANGIHE),"Aethopyga duyvenbodei is currently known from Sangihe, north of Sulawesi, Indonesia, although there is an historical record from nearby Siau (BirdLife International 2001). In 1995, it was found to be regular at low densities at seven localities and in 1998-1999 it was the most commonly encountered forest species at Gunung Sahendaruman, suggesting locally high population densities. It was also found to occur at low densities in secondary habitats well isolated from primary forest, suggesting resilience to habitat loss (Riley 2002). It is, however, absent from large areas of the island, and continuing loss of both primary and secondary forest habitat suggests that populations continue to decline."
Aethopyga eximia,NA,NA,Y,NA,JAWA,https://www.iucnredlist.org/species/22718084/94565956
Aethopyga mystacalis,NA,Y,Y,NA,JAWA,https://www.iucnredlist.org/species/103804351/94566823
Aethopyga siparaja,NA,Y,NA,NA,NA,NA
Aetoxylon sympetalum,NA,Y,Y,NA,KALIMANTAN BARAT,https://www.iucnredlist.org/species/125457965/125630400
Agathis labillardierei,NA,Y,NA,NA,NA,NA
Agropsar philippensis,NA,NA,NA,Y,NA,NA
Agropsar sturninus,NA,NA,NA,Y,NA,NA
Ailuroedus buccoides,NA,Y,Y,NA,PAPUA,https://www.iucnredlist.org/species/22703618/130218705
Ailuroedus melanotis,NA,Y,NA,NA,NA,NA
Ailurops melanotis,NA,Y,NA,NA,NA,"This species is endemic to Indonesia, where it has been reported from Sangihe (the largest island in the Sangihe Island group) and Salibabu (within the Talaud Islands). However, although a bear cuscus has been seen and photographed on Sangihe, no specimen from here is known to exist. It has been assumed that this bear cuscus is <em>Ailurops melanotis</em>, but this requires confirmation as the Sangihe Island group is separate from the Talaud Islands and lies closer to Sulawesi, where the more widespread <em>A. ursinus</em> exists."
Alcedo atthis,NA,NA,NA,Y,NA,NA
Alcedo coerulescens,NA,NA,Y,NA,JAWA & SUMATERA,https://www.iucnredlist.org/species/22683117/92976544
Alcedo euryzona,NA,Y,Y,NA,JAWA,https://www.iucnredlist.org/species/22726971/125574893
Alcedo peninsulae,NA,Y,NA,NA,NA,NA
Alcippe pyrrhoptera,NA,NA,Y,NA,JAWA,https://www.iucnredlist.org/species/22716636/111108515
Alisterus amboinensis,NA,Y,Y,NA,MALUKU & PAPUA,https://www.iucnredlist.org/species/22685051/93056866
Alisterus chloropterus,NA,Y,NA,NA,NA,NA
Alophoixus bres,NA,NA,Y,NA,JAWA & BALI,https://www.iucnredlist.org/species/103821243/182418500
Amaurornis isabellina,NA,NA,Y,NA,SULAWESI,https://www.iucnredlist.org/species/22692624/131929256
Amaurornis magnirostris,NA,Y,Y,NA,SULAWESI (PULAU KARAKELONG),https://www.iucnredlist.org/species/22732147/95043197
Amaurornis phoenicurus,NA,NA,NA,Y,NA,NA
Amblyornis flavifrons,NA,Y,Y,NA,PAPUA,https://www.iucnredlist.org/species/22703657/93931517
Amblyornis inornata,NA,Y,Y,NA,PAPUA,https://www.iucnredlist.org/species/22703644/130219341
Amblyornis macgregoriae,NA,Y,NA,NA,NA,NA
Amorphophallus decus-silvae,NA,Y,NA,NA,NA,NA
Amorphophallus titanum,NA,Y,Y,NA,SUMATRA,https://www.iucnredlist.org/species/118042834/118043213
Anaphalis javanica,NA,Y,NA,NA,NA,NA
Anas acuta,NA,NA,NA,Y,NA,NA
Anhinga melanogaster,NA,Y,NA,NA,NA,NA
Anorrhinus galeritus,NA,Y,NA,NA,NA,NA
Anous minutus,NA,Y,NA,NA,NA,NA
Anous stolidus,NA,Y,NA,NA,NA,NA
Anoxypristis cuspidata,NA,Y,NA,NA,NA,NA
Anseranas semipalmata,NA,Y,NA,NA,NA,NA
Anthracoceros albirostris,NA,Y,NA,NA,NA,NA
Anthracoceros malayanus,NA,Y,NA,NA,NA,NA
Anthreptes rhodolaemus,NA,Y,NA,NA,NA,NA
Anthus cervinus,NA,NA,NA,Y,NA,NA
Anthus gustavi,NA,NA,NA,Y,NA,NA
Antigone rubicunda,Grus rubicunda,Y,NA,NA,NA,NA
Grus rubicunda,NA,Y,NA,NA,NA,NA
Anurophasis monorthonyx,NA,NA,Y,NA,PAPUA,https://www.iucnredlist.org/species/22678993/92797522
Apalharpactes mackloti,NA,Y,Y,NA,SUMATERA,https://www.iucnredlist.org/species/22730186/95025459
Apalharpactes reinwardtii,NA,Y,Y,NA,JAWA,https://www.iucnredlist.org/species/22682824/178034431
Aplonis crassa,NA,NA,Y,NA,MALUKU (PULAU JAMDENA),"Aplonis crassa is restricted to the Banda Sea Islands Endemic Bird Area, Indonesia, where it occurs only on the Tanimbar group. It is common within this small range."
Aplonis magna,NA,NA,Y,NA,PAPUA (PULAU BIAK),https://www.iucnredlist.org/species/22710559/94251613
Aplonis mysolensis,NA,NA,Y,NA,MALUKU,https://www.iucnredlist.org/species/22710544/131958687
Aprosmictus erythropterus,NA,Y,NA,NA,NA,NA
Aprosmictus jonquillaceus,NA,Y,NA,NA,NA,NA
Apus pacificus,NA,NA,NA,Y,NA,NA
Aquila audax,NA,Y,NA,NA,NA,NA
Aquila fasciata,NA,Y,NA,NA,NA,"Behaviour The species has a fragmented distribution across the southern Palearctic and Indomalayan regions, and is marginally Afrotropical (45°N to 10°S). It is locally uncommon to rare and in decline across its range. The species is resident throughout its range, although juveniles will disperse up to 200km with individuals occasionally wandering further afield and passing through key migration routes (Ferguson-Lees and Christie 2001, Shirihai et al. 2000). Habitat The species occupies mountainous, rocky, arid to semi-moist habitat, from sea level to 1,500m, but up to 3000m in Africa and 3750m in the Himalayan foothills. It generally occurs in open areas but also occupies woodland. Juveniles often occupy areas near large water bodies (Ferguson-Lees and Christie 2001). Diet The eagle’s prey principally comprises small or medium-sized birds, but it will also take mammals, some reptiles, insects and rarely, carrion (Ferguson-Lees and Christie 2001). Breeding Site The nest is composed of sticks, up to 2m in diameter, located on remote cliff ledges or in a large tree. The nest is re-used in successive years. Breeding occurs from January to July in the west of the range, and from November to September in the Indomalayan region (Ferguson-Lees and Christie 2001)."
Aquila gurneyi,NA,Y,NA,NA,NA,NA
Aramidopsis plateni,NA,Y,Y,NA,SULAWESI,https://www.iucnredlist.org/species/22692552/93358553
Arborophila javanica,NA,NA,Y,NA,JAWA,https://www.iucnredlist.org/species/22679044/92800662
Arborophila rolli,NA,NA,Y,NA,SUMATERA,https://www.iucnredlist.org/species/22732183/95043656
Arborophila rubrirostris,NA,NA,Y,NA,SUMATERA,https://www.iucnredlist.org/species/22679060/130024385
Arborophila sumatrana,NA,NA,Y,NA,SUMATERA,https://www.iucnredlist.org/species/22729814/95021881
Archboldia papuensis,NA,Y,Y,NA,PAPUA,https://www.iucnredlist.org/species/22731912/217503031#habitat-ecology
Arctictis binturong,NA,Y,NA,NA,NA,NA
Arctonyx collaris,NA,Y,NA,NA,NA,NA
Ardea alba,NA,Y,NA,Y,NA,NA
Ardea cinerea,NA,NA,NA,Y,NA,NA
Ardea intermedia,NA,NA,NA,Y,NA,NA
Ardea purpurea,NA,NA,NA,Y,NA,NA
Ardea sumatrana,NA,Y,NA,NA,NA,NA
Ardenna carneipes,NA,Y,NA,NA,NA,NA
Ardenna pacifica,NA,Y,NA,Y,NA,NA
Ardeola bacchus,NA,Y,NA,Y,NA,NA
Ardeotis australis,NA,Y,NA,NA,NA,NA
Arenaria interpres,NA,NA,NA,Y,NA,NA
Argusianus argus,NA,Y,NA,NA,NA,NA
Artamus cinereus,NA,NA,NA,Y,NA,NA
Artamus leucoryn,NA,NA,NA,Y,NA,NA
Artamus monachus,NA,NA,Y,NA,SULAWESI,https://www.iucnredlist.org/species/22706308/130417628
Astrapia nigra,NA,Y,Y,NA,PAPUA BARAT,https://www.iucnredlist.org/species/22706212/94056479
Astrapia splendidissima,NA,Y,NA,NA,NA,NA
Aviceda jerdoni,NA,Y,NA,NA,NA,NA
Aviceda leuphotes,NA,Y,NA,Y,NA,NA
Aviceda subcristata,NA,Y,NA,NA,NA,NA
Axis kuhlii,NA,Y,Y,NA,JAWA (PULAU BAWEAN),https://www.iucnredlist.org/species/2447/73071875
Aythya fuligula,NA,NA,NA,Y,NA,NA
Babyrousa babyrussa,NA,Y,Y,NA,MALUKU (PULAU BURU & TALIABU),https://www.iucnredlist.org/species/2461/9441445
Balaenoptera acutorostrata,NA,Y,NA,NA,NA,NA
Balaenoptera bonaerensis,NA,Y,NA,NA,NA,NA
Balaenoptera borealis,NA,Y,NA,Y,NA,NA
Balaenoptera edeni,NA,Y,NA,Y,NA,NA
Balaenoptera musculus,NA,Y,NA,NA,NA,NA
Balaenoptera omurai,NA,Y,NA,NA,NA,NA
Balantiocheilos melanopterus,NA,Y,NA,NA,NA,NA
Barbodes microps,NA,Y,NA,NA,YOGYAKARTA,"This barb species is known only from the cave system in the Gunung Sewu Karst Area of Yogyakarta (southern central part of Java, Indonesia), where the type locality of the species is located (Jomblang cave). The species has also been recorded from two other caves in the same area, the Ngingrong and Gremeng Caves (Rahmadi et al. 2018). Its extent of occurrence (EOO) is estimated to range around 25.3-141.7 km"
Basilornis celebensis,NA,NA,Y,NA,SULAWESI,https://www.iucnredlist.org/species/22710958/131960712
Basilornis corythaix,NA,NA,Y,NA,MALUKU (PULAU SERAM),https://www.iucnredlist.org/species/22710965/94270274
Basilornis galeatus,NA,NA,Y,NA,MALUKU (PULAU PELENG & TALIABU),"Basilornis galeatus is restricted to the Banggai (Peleng, Banggai) and Sula Islands (Taliabu, Seho and Mangole), Indonesia."
Batagur affinis,NA,Y,NA,NA,NA,NA
Batagur borneoensis,NA,Y,NA,NA,NA,NA
Batrachostomus harterti,NA,Y,NA,NA,NA,NA
Batrachostomus poliolophus,NA,NA,Y,NA,SUMATERA,"Batrachostomus poliolophus is endemic to Sumatra, Indonesia, where it is known from a small number of records from the Barisan range, but is presumably greatly under-recorded because it is nocturnal (BirdLife International 2001)."
Berenicornis comatus,NA,Y,NA,NA,NA,NA
Birgus latro,NA,Y,NA,NA,NA,NA
Borassodendron borneense,NA,Y,NA,NA,NA,NA
Bos javanicus,NA,Y,NA,NA,NA,NA
Brachypteryx floris,NA,NA,Y,NA,NUSA TENGGARA,https://www.iucnredlist.org/species/103866688/104215750
Brachypteryx montana,NA,NA,Y,NA,JAWA,https://www.iucnredlist.org/species/103866595/132045481
Brachypteryx saturata,NA,NA,Y,NA,SUMATERA,https://www.iucnredlist.org/species/103866639/104215462
Bubalus depressicornis,NA,Y,Y,NA,SULAWESI,https://www.iucnredlist.org/species/3126/46364222
Bubalus quarlesi,NA,Y,Y,NA,SULAWESI,https://www.iucnredlist.org/species/3128/46364433
Bubulcus ibis,NA,NA,NA,Y,NA,NA
Buceros bicornis,NA,Y,NA,NA,NA,NA
Buceros rhinoceros,NA,Y,NA,NA,NA,NA
Bulweria bulwerii,NA,Y,NA,Y,NA,NA
Bulweria fallax,NA,Y,NA,Y,NA,NA
Burhinus grallarius,NA,Y,NA,NA,NA,NA
Butastur indicus,NA,Y,NA,Y,NA,NA
Butastur liventer,NA,Y,NA,NA,NA,NA
Butastur teesa,NA,Y,NA,NA,NA,NA
Buteo japonicus,NA,Y,NA,Y,NA,NA
Butorides striata,NA,NA,NA,Y,NA,NA
Cacatua alba,NA,Y,Y,NA,MALUKU,https://www.iucnredlist.org/species/22684789/178092137
Cacatua citrinocristata,NA,NA,Y,NA,NUSA TENGGARA (PULAU SUMBA),https://www.iucnredlist.org/species/200296433/201545199
Cacatua galerita,NA,Y,NA,NA,NA,NA
Cacatua goffiniana,NA,Y,Y,NA,MALUKU,https://www.iucnredlist.org/species/22684800/178109782
Cacatua moluccensis,NA,Y,Y,NA,MALUKU (PULAU SERAM),https://www.iucnredlist.org/species/22684784/93046425
Cacatua sanguiena,NA,Y,NA,NA,NA,NA
Cacatua sulphurea,NA,Y,NA,NA,NA,NA
Cacomantis aeruginosus,NA,NA,Y,NA,MALUKU,https://www.iucnredlist.org/species/22683935/118206284
Cacomantis flabelliformis,NA,NA,NA,Y,NA,NA
Cacomantis merulinus,NA,NA,NA,Y,NA,NA
Cacomantis sonneratii,NA,NA,NA,Y,NA,NA
Cairina scutulata,Asarcornis scutulata,Y,NA,NA,NA,NA
Asarcornis scutulata,NA,Y,NA,NA,NA,NA
Calidris acuminata,NA,NA,NA,Y,NA,NA
Calidris alba,NA,NA,NA,Y,NA,NA
Calidris canutus,NA,NA,NA,Y,NA,NA
Calidris falcinellus,NA,NA,NA,Y,NA,NA
Calidris ferruginea,NA,NA,NA,Y,NA,NA
Calidris pugnax,NA,NA,NA,Y,NA,NA
Calidris ruficollis,NA,NA,NA,Y,NA,NA
Calidris subminuta,NA,NA,NA,Y,NA,NA
Calidris temminckii,NA,NA,NA,Y,NA,NA
Calidris tenuirostris,NA,NA,NA,Y,NA,NA
Caloenas nicobarica,NA,Y,NA,NA,NA,NA
Calonectris leucomelas,NA,Y,NA,Y,NA,NA
Caloramphus hayii,NA,Y,NA,NA,NA,NA
Calorhamphus fuliginosus,NA,Y,NA,NA,NA,tidak ada di IUCN
Camptostemon philippinense,NA,Y,NA,NA,NA,di IUCN namanya Camptostemon philippinensis
Capricornis sumatraensis,NA,Y,NA,NA,NA,NA
Caprimulgus celebensis,NA,NA,Y,NA,SULAWESI,https://www.iucnredlist.org/species/22689937/93253421
Caprimulgus concretus,NA,Y,NA,NA,NA,NA
Caprimulgus jotaka,NA,NA,NA,Y,NA,NA
Caprimulgus meesi,NA,NA,Y,NA,NUSA TENGGARA,https://www.iucnredlist.org/species/22732941/95052248
Caprimulgus pulchellus,NA,NA,Y,NA,SUMATERA & JAWA,"Caprimulgus pulchellus is restricted to Sumatra (South Barisan Mountains) and Java, Indonesia (BirdLife International 2001). Surveys in Java reported the species to be uncommon (1-3 individuals observed per day) at Gunung Salak and Gunung Slamet (Mittermeier et al. 2014). It is likely to be moderately secure in small numbers at higher elevations, but losing habitat and populations at lower levels where encroachment is occurring."
Carcinoscorpius rotundicauda,NA,Y,NA,NA,NA,NA
Caretta caretta,NA,Y,NA,Y,NA,NA
Carettochelys insculpta,NA,Y,NA,Y,NA,NA
Caridonax fulgidus,NA,Y,Y,NA,NUSA TENGGARA,https://www.iucnredlist.org/species/22683512/92988527
Carpococcyx viridis,NA,Y,Y,NA,SUMATERA,https://www.iucnredlist.org/species/22724459/112393882
Carterornis pileatus,NA,NA,Y,NA,MALUKU,https://www.iucnredlist.org/species/22707255/94113700
Caryota no,NA,Y,NA,NA,NA,NA
Cassis cornuta,NA,Y,NA,NA,NA,tidak ada di IUCN
Castanopsis argentea,NA,Y,NA,NA,SUMATERA & JAWA,"This species is native to Indonesia where it is present on the islands of Sumatra and Java. The species is found in many more localities in Java compared to Sumatra (Soepadmo 1972, Abdulhadi <em>et al. </em>1998). Presence in Kalimantan has been noted but there is no herbarium record (K. Kartawinata pers. comm. 2017). It is found from 150 to 1,400 m asl (Soepadmo 1972)."
Casuarius bennetti,NA,Y,NA,NA,NA,NA
Casuarius casuarius,NA,Y,NA,NA,NA,NA
Casuarius unappendiculatus,NA,Y,NA,NA,NA,NA
Cataponera turdoides,NA,NA,Y,NA,SULAWESI,https://www.iucnredlist.org/species/22708538/94163855
Catharacta maccormicki,NA,Y,NA,NA,NA,NA
Catopuma badia,NA,Y,NA,NA,NA,NA
Catopuma temminckii,NA,Y,NA,NA,NA,NA
Cecropis daurica,NA,NA,NA,Y,NA,NA
Celebesica abbotti,NA,NA,Y,NA,SULAWESI,https://www.iucnredlist.org/species/22706532/94075363
Centropus celebensis,NA,NA,Y,NA,SULAWESI,https://www.iucnredlist.org/species/22684303/93024173
Centropus chalybeus,NA,NA,Y,NA,PAPUA (PULAU BIAK),https://www.iucnredlist.org/species/22684219/93019214
Centropus goliath,NA,NA,Y,NA,MALUKU,https://www.iucnredlist.org/species/22684195/93017963
Centropus nigrorufus,NA,Y,Y,NA,JAWA,"Centropus nigrorufus is endemic to Indonesia, where it occurs on Java, and possibly Sumatra (from where there is one specimen of doubtful origin and recent unconfirmed sight records) (BirdLife International 2001). It is now scarce or rare, sparsely distributed, although it may be under-recorded. It can still be found in suitable habitat at scattered sites along the north Java coast, and an isolated population remains at Muara Angke (N. Brickle in litt. 2007, 2012), which is completely surrounded by Jakarta. The species is occasionally recorded on sale in bird markets and displayed in zoos, but records in the wild are now few."
Centropus rectunguis,NA,Y,NA,NA,NA,"Centropus rectunguis occurs from extreme southern Thailand, through Peninsular Malaysia to Malaysian Borneo (Sabah and Sarawak), Brunei and Indonesia (Kalimantan and Sumatra) (BirdLife International 2001). It appears to be rare in Thailand and Sumatra, but apparently locally fairly common in Peninsular Malaysia and Borneo. In Sabah, Borneo the species was found at similar abundance in unlogged and in once- or twice-logged forest (Edwards et al. 2010)."
Centropus spilopterus,NA,NA,Y,NA,MALUKU (PULAU KEI),https://www.iucnredlist.org/species/22684212/93018899
Ceratolobus glaucescens,NA,Y,NA,NA,NA,NA
Cethosia myrina,NA,Y,NA,NA,NA,NA
Ceyx cajeli,NA,NA,Y,NA,MALUKU (PULAU BURU),https://www.iucnredlist.org/species/22726607/215997335
Ceyx erithaca,NA,NA,NA,Y,NA,NA
Ceyx fallax,NA,NA,Y,NA,SULAWESI,https://www.iucnredlist.org/species/45355839/185673753
Ceyx lepidus,NA,NA,Y,NA,MALUKU,https://www.iucnredlist.org/species/22726591/94926707
Ceyx sangirensis,NA,Y,Y,NA,SULAWESI (PULAU SANGIHE),https://www.iucnredlist.org/species/45355856/134198542
Ceyx wallacii,NA,NA,Y,NA,MALUKU (PULAU TALIABU),https://www.iucnredlist.org/species/61659795/177078310
Chalcites basalis,NA,NA,NA,Y,NA,NA
Chalcites crassirostris,NA,NA,NA,Y,NA,NA
Chalcites lucidus,NA,NA,NA,Y,NA,NA
Chalcites minutillus,NA,NA,NA,Y,NA,NA
Chalcopsitta atra,NA,Y,Y,NA,PAPUA,https://www.iucnredlist.org/species/22684488/93032251
Chalcopsitta duivenbodei,NA,Y,Y,NA,PAPUA,https://www.iucnredlist.org/species/22684491/130098893#habitat-ecology
Chalcopsitta scintillata,NA,Y,Y,NA,PAPUA,https://www.iucnredlist.org/species/22684494/93032610
Charadrius alexandrinus,NA,Y,NA,Y,NA,NA
Charadrius dealbatus,NA,NA,NA,Y,NA,NA
Charadrius dubius,NA,NA,NA,Y,NA,NA
Charadrius javanicus,NA,Y,NA,NA,NA,NA
Charadrius leschenaultii,NA,NA,NA,Y,NA,NA
Charadrius mongolus,NA,NA,NA,Y,NA,NA
Charadrius placidus,NA,Y,NA,Y,NA,NA
Charadrius ruficapillus,NA,Y,NA,NA,NA,NA
Charadrius veredus,NA,Y,NA,Y,NA,NA
Charmosyna josefinae,NA,Y,NA,NA,NA,NA
Charmosyna multistriata,NA,Y,NA,NA,NA,NA
Charmosyna papou,NA,Y,Y,NA,PAPUA BARAT,https://www.iucnredlist.org/species/22725340/94890781
Charmosyna placentis,NA,Y,NA,NA,NA,NA
Charmosyna pulchella,NA,Y,NA,NA,NA,NA
Charmosyna rubronotata,NA,Y,NA,NA,NA,NA
Charmosyna stellae,NA,Y,NA,NA,NA,NA
Charmosyna toxopei,NA,Y,Y,NA,MALUKU (PULAU BURU),https://www.iucnredlist.org/species/22684671/117323495
Charmosyna wilhelminae,NA,Y,NA,NA,NA,NA
Charonia tritonis,NA,Y,NA,NA,NA,NA
Chelodina mccordii,NA,Y,NA,NA,NA,NA
Chelodina novaeguineae,NA,Y,NA,NA,NA,NA
Chelonia mydas,NA,Y,NA,NA,Y,NA
Chitala borneensis,NA,Y,NA,NA,NA,NA
Chitala hypselonotus,NA,Y,NA,NA,NA,NA
Chitala lopis,NA,Y,Y,NA,JAWA,https://www.iucnredlist.org/species/157719927/89815479#habitat-ecology
Chitra chitra,NA,Y,NA,NA,NA,NA
Chlamydera cerviniventris,NA,Y,NA,NA,NA,NA
Chlamydera lauterbachi,NA,Y,NA,NA,NA,NA
Chlamydosaurus kingii,NA,Y,NA,NA,NA,NA
Chlidonias hybrida,NA,Y,NA,Y,NA,NA
Chlidonias leucopterus,NA,Y,NA,Y,NA,NA
Chloropsis cochinchinensis,NA,Y,Y,NA,NA,https://www.iucnredlist.org/species/103775551/183128416
Chloropsis cyanopogon,NA,Y,NA,NA,NA,NA
Chloropsis kinabaluensis,NA,Y,NA,NA,NA,NA
Chloropsis media,NA,Y,Y,NA,SUMATERA,https://www.iucnredlist.org/species/22732267/156989848
Chloropsis moluccensis,NA,Y,NA,NA,NA,NA
Chloropsis sonnerati,NA,Y,NA,NA,NA,NA
Chloropsis venusta,NA,Y,Y,NA,SUMATERA,https://www.iucnredlist.org/species/22704969/131660711
Chrysococcyx maculatus,NA,NA,NA,Y,NA,NA
Chrysococcyx xanthorhynchus,NA,NA,NA,Y,NA,NA
Chrysocolaptes strictus,NA,NA,Y,NA,JAWA & BALI,https://www.iucnredlist.org/species/22726560/94925352
Chrysocorythus estherae,NA,Y,Y,NA,"SUMATERA, JAWA & SULAWESI",https://www.iucnredlist.org/species/103764840/94664329
Chrysophlegma mentale,NA,NA,Y,NA,JAWA,"Chrysophlegma mentale is endemic to Java, Indonesia, where it occurs in the west of the island (Winkler et al. 1995, del Hoyo et al. 2002)."
Cicinnurus magnificus,NA,Y,NA,NA,NA,NA
Cicinnurus regius,NA,Y,NA,NA,NA,NA
Cicinnurus respublica,NA,Y,Y,NA,PAPUA,https://www.iucnredlist.org/species/22706202/180775851
Ciconia episcopus,NA,Y,NA,NA,NA,NA
Ciconia stormi,NA,Y,NA,Y,NA,NA
Cinnyris buettikoferi,NA,Y,Y,NA,NUSA TENGGARA (PULAU SUMBA),https://www.iucnredlist.org/species/22717801/94552966
Cinnyris idenburgi,NA,NA,Y,NA,PAPUA & PAPUA NEW GUINEA,https://www.iucnredlist.org/species/103804169/104298833
Circaetus gallicus,NA,Y,NA,Y,NA,NA
Circus aeruginosus,NA,Y,NA,Y,NA,NA
Circus approximans,NA,Y,NA,Y,NA,NA
Circus assimilis,NA,Y,NA,NA,NA,NA
Circus melanoleucos,NA,Y,NA,Y,NA,NA
Circus spilonotus,NA,Y,NA,Y,NA,NA
Circus spilothorax,NA,Y,NA,NA,NA,NA
Cissa chinensis,NA,Y,NA,NA,NA,NA
Cissa thalassina,NA,Y,Y,NA,JAWA,https://www.iucnredlist.org/species/22724821/182915285
Clamator coromandus,NA,Y,NA,Y,NA,NA
Clanga clanga,NA,Y,NA,Y,NA,NA
Cnemophilus loriae,NA,Y,NA,NA,NA,NA
Cnemophilus sanguineus,NA,Y,NA,NA,NA,NA
Cochoa azurea,NA,Y,Y,NA,JAWA,https://www.iucnredlist.org/species/22710153/180780968
Cochoa beccarii,NA,Y,Y,NA,SUMATERA,https://www.iucnredlist.org/species/22710150/110098195
Columba argentina,NA,Y,NA,NA,NA,NA
Coracias temminckii,NA,NA,Y,NA,SULAWESI,https://www.iucnredlist.org/species/22682905/130084513
Coracina atriceps,NA,NA,Y,NA,MALUKU,https://www.iucnredlist.org/species/22706486/94072618
Coracina fortis,NA,NA,Y,NA,MALUKU (PULAU BURU),https://www.iucnredlist.org/species/22706489/110408868
Coracina leucopygia,NA,NA,Y,NA,SULAWESI,https://www.iucnredlist.org/species/22706519/94074654
Coracina novaehollandiae,NA,NA,NA,Y,NA,NA
Coracina parvula,NA,NA,Y,NA,MALUKU,https://www.iucnredlist.org/species/22706529/94075192
Coracina schistacea,NA,NA,Y,NA,MALUKU,https://www.iucnredlist.org/species/22706479/94072285
Coracornis raveni,NA,NA,Y,NA,SULAWESI,https://www.iucnredlist.org/species/22705425/94017933
Coracornis sanghirensis,NA,NA,Y,NA,SULAWESI (KEPULAUAN SANGIHE),https://www.iucnredlist.org/species/22724568/181020902
Corvus florensis,NA,Y,Y,NA,NUSA TENGGARA,https://www.iucnredlist.org/species/22705956/110289015
Corvus fuscicapillus,NA,Y,Y,NA,PAPUA,https://www.iucnredlist.org/species/22705972/94044051
Corvus orru,NA,Y,NA,NA,NA,NA
Corvus splendens,NA,Y,NA,NA,NA,NA
Corvus tristis,NA,Y,NA,NA,NA,NA
Corvus typicus,NA,Y,Y,NA,SULAWESI,https://www.iucnredlist.org/species/22705950/130408230
Corvus unicolor,NA,Y,Y,NA,SULAWESI (PULAU PELENG),https://www.iucnredlist.org/species/22705953/125525069
Corvus validus,NA,Y,Y,NA,MALUKU,https://www.iucnredlist.org/species/22705963/118785644
Crocodylus novaeguineae,NA,Y,NA,NA,NA,NA
Crocodylus porosus,NA,Y,NA,NA,NA,NA
Crocodylus siamensis,NA,Y,NA,NA,NA,NA
Crypsirina temia,NA,Y,NA,NA,NA,NA
Cryptophaps poecilorrhoa,NA,NA,Y,NA,SULAWESI,https://www.iucnredlist.org/species/22691847/130181485
Cuculus crassirostris,NA,Y,NA,NA,NA,NA
Cuculus micropterus,NA,NA,NA,Y,NA,NA
Cuculus optatus,NA,NA,NA,Y,NA,NA
Cuculus saturatus,NA,NA,NA,Y,NA,NA
Cuon alpinus,NA,Y,NA,NA,NA,NA
Cyanoderma melanothorax,NA,NA,Y,NA,JAWA & BALI,https://www.iucnredlist.org/species/22716283/131972844
Cyanoptila cyanomelana,NA,NA,NA,Y,NA,NA
Cyclopsitta diophthalma,NA,Y,NA,NA,NA,NA
Cyclopsitta gulielmitertii,NA,Y,Y,NA,PAPUA BARAT,https://www.iucnredlist.org/species/22725355/94891141
Cyclopsitta melanogenia,NA,Y,NA,NA,NA,NA
Cyclopsitta nigrifrons,NA,Y,NA,NA,NA,NA
Cymbidium hartinahianum,NA,Y,NA,NA,NA,NA
Cynogale bennettii,NA,Y,NA,NA,NA,NA
Cynornis brunneatus,NA,Y,NA,NA,NA,NA
Cyornis colonus,NA,NA,Y,NA,MALUKU UTARA & SULAWESI TENGAH,https://www.iucnredlist.org/species/22709166/94194505
Cyornis concretus,NA,Y,NA,NA,NA,NA
Cyornis djampeanus,NA,NA,Y,NA,SULAWESI (PULAU JAMPEA),https://www.iucnredlist.org/species/103762270/209646469
Cyornis hoevelli,Eumyias hoevelli,NA,Y,NA,SULAWESI,https://www.iucnredlist.org/species/22709490/94211850
Cyornis oscillans,Eumyias oscillans,NA,Y,NA,NUSA TENGGARA,https://www.iucnredlist.org/species/103761332/111161888
Eumyias hoevelli,NA,NA,Y,NA,SULAWESI,https://www.iucnredlist.org/species/22709490/94211850
Eumyias oscillans,NA,NA,Y,NA,NUSA TENGGARA,https://www.iucnredlist.org/species/103761332/111161888
Cyornis ruckii,NA,Y,Y,NA,SUMATERA,https://www.iucnredlist.org/species/22709502/181037326
Cyornis sanfordi,Eumyias sanfordi,Y,Y,NA,SULAWESI,https://www.iucnredlist.org/species/22709482/210367869
Cyornis stresemanni,Eumyias stresemanni,NA,Y,NA,NUSA TENGGARA (PULAU SUMBA),https://www.iucnredlist.org/species/103761453/104349252
Eumyias sanfordi,NA,Y,Y,NA,SULAWESI,https://www.iucnredlist.org/species/22709482/210367869
Eumyias stresemanni,NA,NA,Y,NA,NUSA TENGGARA (PULAU SUMBA),https://www.iucnredlist.org/species/103761453/104349252
Dacelo tyro,NA,Y,NA,NA,NA,.
Daption capense,NA,Y,NA,Y,NA,NA
Delichon dasypus,NA,NA,NA,Y,NA,NA
Delphinus capensis,NA,Y,NA,NA,NA,NA
Dendrocitta cinerascens,NA,Y,NA,NA,NA,NA
Dendrocitta occipitalis,NA,Y,Y,NA,SUMATERA,https://www.iucnredlist.org/species/103719284/94037616
Dendrolagus dorianus,NA,Y,NA,NA,NA,NA
Dendrolagus goodfellowi,NA,Y,Y,NA,PAPUA NEW GUINEA,https://www.iucnredlist.org/species/6429/21957524#habitat-ecology
Dendrolagus inustus,NA,Y,Y,NA,PAPUA BARAT,https://www.iucnredlist.org/species/6431/21957669
Dendrolagus mbaiso,NA,Y,Y,NA,PAPUA,https://www.iucnredlist.org/species/6437/21956108
Dendrolagus ursinus,NA,Y,Y,NA,PAPUA BARAT,https://www.iucnredlist.org/species/6434/21956516
Dendronanthus indicus,NA,NA,NA,Y,NA,NA
Dermochelys coriacea,NA,Y,NA,Y,NA,NA
Dicaeum annae,NA,NA,Y,NA,NUSA TENGGARA,https://www.iucnredlist.org/species/22717469/94533709
Dicaeum aureolimbatum,NA,NA,Y,NA,SULAWESI,https://www.iucnredlist.org/species/22717494/131976186
Dicaeum beccarii,NA,NA,Y,NA,SUMATERA,https://www.iucnredlist.org/species/103776954/104323766
Dicaeum celebicum,NA,NA,Y,NA,SULAWESI,https://www.iucnredlist.org/species/22717575/131977100
Dicaeum erythrothorax,NA,NA,Y,NA,MALUKU,https://www.iucnredlist.org/species/103776345/94538261
Dicaeum ignicolle,NA,NA,Y,NA,MALUKU,https://www.iucnredlist.org/species/103778239/104324966
Dicaeum igniferum,NA,NA,Y,NA,NUSA TENGGARA,https://www.iucnredlist.org/species/22717562/94539586
Dicaeum keiense,NA,NA,Y,NA,MALUKU,https://www.iucnredlist.org/species/103778206/132044192
Dicaeum nehrkorni,NA,NA,Y,NA,SULAWESI,https://www.iucnredlist.org/species/22717534/94538109
Dicaeum sanguinolentum,NA,NA,Y,NA,JAWA & BALI,https://www.iucnredlist.org/species/216915934/217423940
Dicaeum schistaceiceps,NA,NA,Y,NA,MALUKU,https://www.iucnredlist.org/species/103776352/104322457
Dicaeum trochileum,NA,NA,Y,NA,"SUMATERA, JAWA, KALIMANTAN",https://www.iucnredlist.org/species/22717587/94541197
Dicaeum wilhelminae,NA,NA,Y,NA,NUSA TENGGARA (PULAU SUMBA),https://www.iucnredlist.org/species/103776669/104323281
Dicerorhinus sumatrensis,NA,Y,NA,NA,NA,NA
Dicrurus annectens,NA,NA,NA,Y,NA,NA
Dicrurus bracteatus,NA,NA,NA,Y,NA,NA
Dicrurus hottentottus,NA,NA,NA,Y,NA,NA
Dicrurus leucophaeus,NA,NA,NA,Y,NA,NA
Dicrurus macrocercus,NA,NA,NA,Y,NA,NA
Dicrurus sumatranus,NA,NA,Y,NA,SUMATERA,https://www.iucnredlist.org/species/22706984/111051907
Drepanornis albertisi,NA,Y,NA,NA,NA,NA
Drepanornis bruijnii,NA,Y,NA,NA,NA,NA
Ducula luctuosa,NA,NA,Y,NA,"SULAWESI, MALUKU UTARA",https://www.iucnredlist.org/species/22691807/130181069
Ducula neglecta,NA,NA,Y,NA,MALUKU,https://www.iucnredlist.org/species/45447768/95155516
Ducula obiensis,NA,NA,Y,NA,MALUKU,https://www.iucnredlist.org/species/22725304/112389970
Ducula perspicillata,NA,NA,Y,NA,MALUKU,https://www.iucnredlist.org/species/45447765/95155332
Ducula spilorrhoa,NA,NA,NA,Y,NA,NA
Dugong dugon,NA,Y,NA,NA,NA,NA
Eclectus riedeli,NA,NA,Y,NA,MALUKU,https://www.iucnredlist.org/species/155073764/155087808
Eclectus roratus,NA,Y,Y,NA,MALUKU,https://www.iucnredlist.org/species/155072212/155636053#bibliography
Edolisoma ceramense,NA,NA,Y,NA,MALUKU,https://www.iucnredlist.org/species/22706604/94079147
Edolisoma dispar,NA,NA,Y,NA,MALUKU,https://www.iucnredlist.org/species/22706593/179181940
Edolisoma grayi,NA,NA,Y,Y,MALUKU,https://www.iucnredlist.org/species/103702585/112379605
Edolisoma meyerii,NA,NA,Y,Y,PAPUA,https://www.iucnredlist.org/species/103702598/112381532
Edolisoma morio,NA,NA,Y,NA,SULAWESI,https://www.iucnredlist.org/species/22706601/94078991
Edolisoma obiense,NA,NA,Y,Y,MALUKU,https://www.iucnredlist.org/species/103702589/112381029
Edolisoma sula,NA,NA,Y,NA,MALUKU UTARA,https://www.iucnredlist.org/species/22706588/94078328
Edolisoma tenuirostre,NA,NA,NA,Y,NA,NA
Egretta eulophotes,NA,Y,NA,Y,NA,NA
Egretta garzetta,NA,NA,NA,Y,NA,NA
Egretta novaehollandiae,NA,Y,NA,Y,NA,NA
Egretta picata,NA,Y,NA,Y,NA,NA
Egretta sacra,NA,NA,NA,Y,NA,NA
Elanus caeruleus,NA,Y,NA,NA,NA,NA
Elephas maximus,NA,Y,NA,NA,NA,NA
Enicurus velatus,NA,NA,Y,NA,"SUMATERA, JAWA",https://www.iucnredlist.org/species/22710126/94235417
Enodes erythrophris,NA,NA,Y,NA,SULAWESI,https://www.iucnredlist.org/species/22710997/94271863
Eos bornea,NA,Y,Y,NA,MALUKU,https://www.iucnredlist.org/species/22684509/131914146
Eos cyanogenia,NA,Y,Y,NA,PAPUA,https://www.iucnredlist.org/species/22684519/210329026
Eos histrio,NA,Y,Y,NA,SULAWESI (PULAU KARAKELONG),"Eos histrio is now confined to the Talaud Islands (almost exclusively on Karakelang) off northern Sulawesi, Indonesia (BirdLife International 2001). Although it was previously abundant, the species has declined and the population on Karakelang was estimated at 8,230-21,400 birds in 1999 (Riley 2003). The nominate subspecies, known from the Sangihe Islands, is probably now extinct."
Eos reticulata,NA,Y,Y,NA,MALUKU,https://www.iucnredlist.org/species/22684515/152066747
Eos semilarvata,NA,Y,Y,NA,MALUKU,https://www.iucnredlist.org/species/22684524/156213405
Eos squamata,NA,Y,Y,NA,MALUKU,iucnredlist.org/species/22684506/93033311
Ephippiorhynchus asiaticus,NA,Y,NA,NA,NA,NA
Epimachus fastosus,NA,Y,NA,NA,NA,NA
Epimachus meyeri,NA,Y,Y,NA,PAPUA,https://www.iucnredlist.org/species/22706154/94053394#habitat-ecology
Eretmochelys imbricata,NA,Y,NA,Y,NA,NA
Erythrogonys cinctus,NA,Y,NA,NA,NA,NA
Erythropitta arquata,NA,Y,NA,NA,NA,NA
Erythropitta caeruleitorques,NA,Y,Y,NA,SULAWESI (KEPULAUAN SANGIHE),"Erythropitta caeruleitorques is restricted to Sangihe  Besar, Sangihe, Indonesia, where it is common in a restricted area on  the western slopes of Gunung Awu, and present at low density around the  Sahendaruman crater in the south of the island (Riley 1997, R. Martin in litt. 2016)."
Erythropitta celebensis,NA,Y,Y,NA,SULAWESI,https://www.iucnredlist.org/species/103656387/112305477
Erythropitta dohertyi,NA,Y,Y,NA,MALUKU,https://www.iucnredlist.org/species/22698656/93695647
Erythropitta granatina,NA,Y,NA,NA,NA,NA
Erythropitta inspeculata,NA,Y,Y,NA,SULAWESI (PULAU KARAKELONG),https://www.iucnredlist.org/species/103656357/104023990
Erythropitta macklotii,NA,Y,NA,NA,NA,NA
Erythropitta palliceps,NA,Y,Y,NA,SULAWESI,"Erythropitta palliceps is found on the islands of Siau, Tagulandang and Ruang, Indonesia (del Hoyo et al. 2003, J. Kelly in litt. 2016). It is frequently encountered in secondary forest on Tagulandang, but is apparently scarcer on Siau (J. Kelly in litt. 2016)."
Erythropitta rubrinucha,NA,Y,Y,NA,MALUKU,https://www.iucnredlist.org/species/103656434/112306962
Erythropitta rufiventris,NA,Y,Y,NA,MALUKU,https://www.iucnredlist.org/species/103656402/112305815
Erythropitta venusta,NA,Y,Y,NA,SUMATERA,https://www.iucnredlist.org/species/22698667/93696083
Erythrotriorchis buergersi,NA,Y,Y,NA,PAPUA,https://www.iucnredlist.org/species/22695692/93523848#habitat-ecology
Esacus magnirostris,NA,Y,NA,NA,NA,NA
Eudynamys orientalis,NA,NA,NA,Y,NA,NA
Eudynamys scolopaceus,NA,NA,NA,Y,NA,NA
Eulabeornis castaneoventris,NA,Y,NA,NA,NA,NA
Eulipoa wallacei,NA,Y,Y,NA,MALUKU,https://www.iucnredlist.org/species/22678632/195133155
Eumyias additus,NA,NA,Y,NA,MALUKU (PULAU BURU),"Rhinomyias addita is restricted to Buru, Indonesia, where it is a relatively widespread and common upland species. Threats to the species are not severe, but it is restricted to a small range."
Eumyias indigo,NA,NA,Y,NA,JAWA,https://www.iucnredlist.org/species/103758482/111161656
Eumyias thalassinus,NA,NA,NA,Y,NA,NA
Eurostopodus argus,NA,NA,NA,Y,NA,NA
Eurostopodus diabolicus,NA,Y,Y,NA,SULAWESI,https://www.iucnredlist.org/species/22689670/110061123
Eurycoma apiculata,NA,Y,NA,NA,NA,NA
Eurylaimus javanicus,NA,NA,Y,NA,JAWA,https://www.iucnredlist.org/species/103656944/104031815
Eurystomus orientalis,NA,NA,NA,Y,NA,NA
Eutrichomyias rowleyi,NA,Y,Y,NA,SULAWESI,https://www.iucnredlist.org/species/22707085/134416536
Falco berigora,NA,Y,NA,NA,NA,NA
Falco cenchroides,NA,Y,NA,NA,NA,NA
Falco longipennis,NA,Y,NA,NA,NA,NA
Falco moluccensis,NA,Y,NA,NA,NA,NA
Falco peregrinus,NA,Y,NA,Y,NA,NA
Falco severus,NA,Y,NA,Y,NA,NA
Falco subbuteo,NA,Y,NA,Y,NA,NA
Falco tinnunculus,NA,Y,NA,Y,NA,NA
Feresa attenuata,NA,Y,NA,NA,NA,NA
Ficedula bonthaina,NA,NA,Y,NA,SULAWESI SELATAN,https://www.iucnredlist.org/species/22709399/110060066
Ficedula buruensis,NA,NA,Y,NA,MALUKU,https://www.iucnredlist.org/species/22709370/94205428
Ficedula henrici,NA,NA,Y,NA,MALUKU (PULAU DAMAR),"Ficedula henrici is endemic to the small island of Damar (total area 200 km2) in the Banda Sea, eastern Nusa Tenggara, Indonesia."
Ficedula mugimaki,NA,NA,NA,Y,NA,NA
Ficedula narcissina,NA,NA,NA,Y,NA,NA
Ficedula riedeli,NA,NA,Y,NA,MALUKU,https://www.iucnredlist.org/species/103771748/132043933
Ficedula rufigula,NA,NA,Y,NA,SULAWESI,"Ficedula rufigula is restricted to Sulawesi (although it is absent on the east peninsula), Indonesia, where it is locally common and widespread."
Ficedula zanthopygia,NA,NA,NA,Y,NA,NA
Fregata andrewsi,NA,Y,NA,Y,NA,NA
Fregata minor,NA,Y,NA,NA,NA,NA
Fulica atra,NA,NA,NA,Y,NA,NA
Gallicolumba hoedtii,NA,Y,NA,NA,NA,NA
Gallicrex cinerea,NA,NA,NA,Y,NA,NA
Gallinago gallinago,NA,NA,NA,Y,NA,NA
Gallinago hardwickii,NA,NA,NA,Y,NA,NA
Gallinago megala,NA,NA,NA,Y,NA,NA
Gallinago stenura,NA,NA,NA,Y,NA,NA
Gallinula chloropus,NA,NA,NA,Y,NA,NA
Garrulax bicolor,NA,Y,Y,NA,SUMATERA,https://www.iucnredlist.org/species/22734448/177430305
Garrulax leucolophus,NA,Y,NA,NA,NA,NA
Garrulax rufifrons,NA,Y,Y,NA,JAWA,https://www.iucnredlist.org/species/22715592/128044399
Gelochelidon macrotarsa,NA,NA,NA,Y,NA,NA
Gelochelidon nilotica,NA,Y,NA,Y,NA,NA
Geoffroyus geoffroyi,NA,Y,NA,NA,NA,NA
Geoffroyus simplex,NA,Y,NA,NA,NA,NA
Geokichla citrina,NA,NA,NA,Y,NA,NA
Geokichla erythronota,NA,NA,Y,NA,SULAWESI,"Zoothera erythronota is restricted to Sulawesi and neighbouring Buton (race erythronota) and Kabaena (race kabaena), Indonesia (Robinson-Dean et al. 2002, Collar 2004). It is uncommon but easily overlooked on Buton, locally common on Kabaena (Robinson-Dean et al. 2002) and generally uncommon on Sulawesi (although population estimates are often dramatically increased once mist-netting is undertaken). Although there is not enough information to accurately assess its population size, since it appears to be somewhat patchily distributed throughout its range - often absent from apparently suitable habitat - it may prove to be quite low."
Geokichla joiceyi,NA,NA,Y,NA,MALUKU,https://www.iucnredlist.org/species/22733672/152179448
Geokichla leucolaema,NA,NA,Y,NA,SUMATERA (PULAU ENGGANO),https://www.iucnredlist.org/species/22732956/177519102
Geokichla mendeni,NA,NA,Y,NA,MALUKU,"This species is known from Peleng, in the Banggai Islands, and Taliabu, in the Sula Islands, Indonesia (Collar 2004). It has been described as """"extremely scarce"""" on Taliabu (Clement and Hathway 2000)."
Geokichla sibirica,NA,NA,NA,Y,NA,NA
Gerygone dorsalis,NA,NA,Y,NA,MALUKU,https://www.iucnredlist.org/species/22704711/130385914
Glareola maldivarum,NA,Y,NA,Y,NA,NA
Glaucidium castanopterum,NA,NA,Y,NA,JAWA & BALI,https://www.iucnredlist.org/species/22689280/93225162
Globicephala macrorhynchus,NA,Y,NA,NA,NA,NA
Gorsachius goisagi,NA,Y,NA,Y,NA,NA
Gorsachius melanolophus,NA,Y,NA,Y,NA,NA
Goura cristata,NA,Y,Y,NA,PAPUA,"Goura cristata occurs in the West Papuan Islands (Misool, Waigeo, Salawati, Batanta), the Vogelkop and western Papua (formerly Irian Jaya), west of Geelvink and Etna Bays, Indonesia (King and Nijboer 1994), and also on Seram, South Maluku (Kitchener et al. 1993, Macdonald 1995), where it was almost certainly introduced (Coates and Bishop 1997). It was historically common (Rand and Gilliard 1967), and remains locally fairly common at several sites on mainland Papua (Erftemeijer. 1991, Gibbs 1993, Poulsen and Frolander 1994), Salawati (Gibbs 1993, Poulsen and Frolander 1994, Eastwood 1996b) and Seram Macdonald 1995, Coates and Bishop 1997), but may be extinct on Batanta (D. Gibbs in litt. 1994), and has been extirpated from many sites on Papua (King and Nijboer 1994)."
Goura sclaterii,NA,Y,NA,NA,NA,NA
Goura victoria,NA,Y,NA,NA,NA,NA
Gracula religiosa,NA,Y,NA,NA,NA,NA
Gracula robusta,NA,Y,Y,NA,NA,https://www.iucnredlist.org/species/103878817/182272272
Gracula venerata,NA,Y,NA,NA,NA,NA
Gracupica jalla,NA,NA,Y,NA,JAWA,https://www.iucnredlist.org/species/103890801/118590020
Grallina cyanoleuca,NA,NA,NA,Y,NA,NA
Grampus griseus,NA,Y,NA,NA,NA,NA
Gygis alba,NA,Y,NA,NA,NA,NA
Gymnocrex rosenbergii,NA,Y,Y,NA,SULAWESI,https://www.iucnredlist.org/species/22692604/110481172
Gymnocrex talaudensis,NA,Y,Y,NA,SULAWESI (PULAU KARAKELONG),https://www.iucnredlist.org/species/22728616/110159856
Gymnophaps mada,NA,NA,Y,NA,MALUKU (PULAU DAMAR),https://www.iucnredlist.org/species/45448755/95156047
Gymnophaps stalkeri,NA,NA,Y,NA,NA,NA
Gyps himalayensis,NA,Y,NA,Y,NA,NA
Gypsophila rufipecta,NA,NA,Y,NA,SUMATERA,https://www.iucnredlist.org/species/22716040/94479656
Habroptila wallacii,NA,Y,Y,NA,MALUKU,https://www.iucnredlist.org/species/22692781/93369321
Haematopus fuliginosus,NA,Y,NA,NA,NA,NA
Haematopus longirostris,NA,Y,NA,NA,NA,NA
Halcyon coromanda,NA,NA,NA,Y,NA,NA
Halcyon cyanoventris,NA,NA,Y,NA,JAWA,https://www.iucnredlist.org/species/22683252/92980601
Haliaeetus leucogaster,NA,Y,NA,NA,NA,NA
Haliastur indus,NA,Y,NA,NA,NA,NA
Haliastur sphenurus,NA,Y,NA,Y,NA,NA
Harpactes diardii,NA,Y,NA,NA,NA,NA
Harpactes duvaucelli,NA,Y,NA,NA,NA,NA
Harpactes erythrocephalus,NA,Y,NA,NA,NA,NA
Harpactes kasumba,NA,Y,NA,NA,NA,NA
Harpactes oreskios,NA,Y,NA,NA,NA,NA
Harpactes orrhophaeus,NA,Y,NA,NA,NA,NA
Harpactes whiteheadi,NA,Y,NA,NA,NA,NA
Harpyopsis novaeguineae,NA,Y,NA,NA,NA,NA
Heinrichia calligyna,NA,NA,Y,NA,SULAWESI,https://www.iucnredlist.org/species/103866279/111174691
Heinrichia simplex,NA,NA,Y,NA,SULAWESI,https://www.iucnredlist.org/species/103866352/104210718
Helarctos malayanus,NA,Y,NA,NA,NA,NA
Heleia javanica,NA,Y,Y,NA,JAWA,https://www.iucnredlist.org/species/22714295/131969784
Heleia pinaiae,NA,NA,Y,NA,MALUKU,https://www.iucnredlist.org/species/22714311/94411142
Heleia squamiceps,NA,NA,Y,NA,SULAWESI,https://www.iucnredlist.org/species/22714299/94410662
Heleia superciliaris,NA,NA,Y,NA,NUSA TENGGARA,https://www.iucnredlist.org/species/22714307/131969951
Heleia wallacei,NA,Y,Y,NA,NUSA TENGGARA,https://www.iucnredlist.org/species/22714115/94402339
Heliopais personatus,NA,Y,NA,NA,NA,NA
Helopsaltes certhiola,NA,NA,NA,Y,NA,NA
Helopsaltes fasciolata,NA,NA,NA,Y,NA,NA
Helopsaltes ochotensis,NA,NA,NA,Y,NA,NA
Hemicircus concretus,NA,NA,Y,NA,JAWA,https://www.iucnredlist.org/species/22727212/94943807
Hemixos leucogrammicus,NA,NA,Y,NA,SUMATERA,https://www.iucnredlist.org/species/22712610/94338607
Henicopernis longicauda,NA,Y,NA,NA,NA,NA
Heritiera globosa,NA,Y,Y,NA,KALIMANTAN BARAT,https://www.iucnredlist.org/species/178807/7612712#habitat-ecology
Heteromyias albispecularis,NA,NA,Y,NA,PAPUA,https://www.iucnredlist.org/species/103753407/95059692
Heteroscenes pallidus,NA,NA,NA,Y,NA,NA
Hieraaetus pennatus,NA,Y,NA,Y,NA,NA
Hieraaetus weiskei,NA,Y,NA,NA,NA,NA
Hierococcyx hyperythrus,NA,NA,NA,Y,NA,NA
Hierococcyx nisicolor,NA,NA,NA,Y,NA,NA
Hierococcyx sparverioides,NA,NA,NA,Y,NA,NA
Hierococcyx vagans,NA,NA,NA,Y,NA,NA
Himantopus himantopus,NA,Y,NA,Y,NA,NA
Himantura oxyrhyncha,NA,Y,NA,NA,NA,NA
Himantura polylepis,NA,Y,NA,NA,NA,NA
Himantura signifer,NA,Y,NA,NA,NA,NA
Hippopus hippopus,NA,Y,NA,NA,NA,NA
Hippopus porcellanus,NA,Y,NA,NA,NA,NA
Hirundapus caudacutus,NA,NA,NA,Y,NA,NA
Hirundapus cochinchinensis,NA,NA,NA,Y,NA,NA
Hirundo rustica,NA,NA,NA,Y,NA,NA
Homaloptera gymnogaster,NA,Y,NA,NA,NA,NA
Horornis carolinae,NA,NA,Y,NA,MALUKU (PULAU JAMDENA),"The species is restricted to the Banda Sea Islands Endemic Bird Area, Indonesia, where it is found only on Yamenda in the Tanimbar Islands. It is common in suitable habitats."
Hydrobates matsudairae,NA,Y,NA,Y,NA,NA
Hydrobates monorhis,NA,Y,NA,Y,NA,NA
Hydrochous gigas,NA,Y,NA,NA,NA,NA
Hydrophasianus chirurgus,NA,NA,NA,Y,NA,NA
Hydroprogne caspia,NA,Y,NA,Y,NA,NA
Hydrornis baudii,NA,Y,NA,NA,NA,NA
Hydrornis caeruleus,NA,Y,NA,NA,NA,NA
Hydrornis guajanus,NA,Y,Y,NA,JAWA,https://www.iucnredlist.org/species/22736518/95136596
Hydrornis irena,NA,Y,NA,NA,NA,NA
Hydrornis schneideri,NA,Y,Y,NA,SUMATERA,https://www.iucnredlist.org/species/22698611/93692255
Hydrornis schwaneri,NA,Y,NA,NA,NA,NA
Hylobates agilis,NA,Y,Y,NA,NA,NA
Hylobates albibarbis,NA,Y,NA,NA,"KALIMANTAN(barat,tengah)",https://www.iucnredlist.org/species/39879/17967053#habitat-ecology
Hylobates klosii,NA,Y,NA,NA,NA,NA
Hylobates lar,NA,Y,NA,NA,NA,NA
Hylobates moloch,NA,Y,Y,NA,JAWA,NA
Hylobates muelleri,NA,Y,Y,NA,KALIMANTAN,https://www.iucnredlist.org/species/39888/17990934#habitat-ecology
Hylocitrea bonensis,NA,NA,Y,NA,SULAWESI,https://www.iucnredlist.org/species/103867190/94017773
Hylocitrea bonthaina,NA,NA,Y,NA,SULAWESI,https://www.iucnredlist.org/species/103867212/104222461
Hypotaenidia philippensis,NA,NA,NA,Y,NA,NA
Hypothymis azurea,NA,NA,NA,Y,NA,NA
Hypothymis puella,NA,NA,Y,Y,SULAWESI,https://www.iucnredlist.org/species/103715774/112354842
Hypsipetes affinis,NA,NA,Y,NA,MALUKU,https://www.iucnredlist.org/species/103838632/94361899
Hypsipetes aureus,NA,NA,Y,NA,SULAWESI (PULAU TOGIAN),https://www.iucnredlist.org/species/103842202/113109364
Hypsipetes chloris,NA,NA,Y,NA,MALUKU,https://www.iucnredlist.org/species/103841956/104140565
Hypsipetes harterti,NA,NA,Y,NA,SULAWESI (PULAU PELENG),https://www.iucnredlist.org/species/103842855/113109016
Hypsipetes longirostris,NA,NA,Y,NA,MALUKU,https://www.iucnredlist.org/species/103842733/104140959
Hypsipetes lucasi,NA,NA,Y,NA,MALUKU (PULAU OBI),https://www.iucnredlist.org/species/103841328/113109717
Hypsipetes mysticalis,NA,NA,Y,NA,MALUKU (PULAU BURU),https://www.iucnredlist.org/species/103840832/104141312
Hypsipetes platenae,NA,NA,Y,NA,SULAWESI (KEPULAIAN SANGIHE),https://www.iucnredlist.org/species/103842251/134465614
Hystrix javanica,NA,Y,NA,NA,NA,NA
Ichthyophaga humilis,NA,Y,NA,NA,NA,NA
Ichthyophaga ichthyaetus,NA,Y,NA,NA,NA,NA
Ictinaetus malaiensis,NA,Y,NA,NA,NA,NA
Indicator archipelagicus,NA,Y,NA,NA,NA,NA
Indopacetus pacificus,NA,Y,NA,NA,NA,NA
Iomys horsfieldi,NA,Y,NA,NA,NA,NA
Ixobrychus cinnamomeus,NA,NA,NA,Y,NA,NA
Ixobrychus dubius,NA,NA,NA,Y,NA,NA
Ixobrychus eurhythmus,NA,Y,NA,Y,NA,NA
Ixobrychus flavicollis,NA,Y,NA,Y,NA,NA
Ixobrychus sinensis,NA,NA,NA,Y,NA,NA
Ixos sumatranus,NA,NA,Y,NA,SUMATERA,https://www.iucnredlist.org/species/103823086/113106779
Ixos virescens,NA,NA,Y,NA,JAWA,https://www.iucnredlist.org/species/103823071/113107307
Johannesteijsmannia altifrons,NA,Y,NA,NA,NA,NA
Kogia breviceps,NA,Y,NA,NA,NA,NA
Kogia sima,NA,Y,NA,NA,NA,NA
Lagenodelphis hosei,NA,Y,NA,NA,NA,NA
Lalage aurea,NA,NA,Y,NA,MALUKU UTARA,https://www.iucnredlist.org/species/22706669/94082818
Lalage leucopygialis,NA,NA,Y,NA,SULAWESI,https://www.iucnredlist.org/species/22706654/130421664
Lalage moesta,NA,NA,Y,NA,MALUKU,https://www.iucnredlist.org/species/22706672/111051299
Laniellus albonotatus,NA,Y,Y,NA,JAWA (BARAT),https://www.iucnredlist.org/species/22716693/110968776
Lanius cristatus,NA,NA,NA,Y,NA,NA
Lanius schach,NA,NA,NA,Y,NA,NA
Lanius tigrinus,NA,NA,NA,Y,NA,NA
Lanthanotus borneensis,NA,Y,NA,NA,NA,NA
Lariscus hosei,NA,Y,NA,NA,NA,NA
Larus brunnicephalus,NA,Y,NA,Y,NA,NA
Larus fuscus,NA,Y,NA,NA,NA,NA
Larus novaehollandiae,NA,Y,NA,Y,NA,NA
Larus ridibundus,NA,Y,NA,Y,NA,NA
Larus schistisagus,NA,Y,NA,Y,NA,NA
Larvivora cyane,NA,NA,NA,Y,NA,NA
Latimeria menadoensis,NA,Y,NA,NA,NA,NA
Leiothrix laurinae,NA,Y,Y,NA,SUMATERA,"This species is restricted to montane evergreen forest in Sumatra, Indonesia."
Lepidochelys olivacea,NA,Y,NA,Y,NA,NA
Leptophryne cruentata,NA,Y,NA,NA,JAWA BARAT,https://www.iucnredlist.org/species/138045255/3020276#habitat-ecology
Leptoptilos javanicus,NA,Y,NA,Y,NA,NA
Leucopsar rothschildi,NA,Y,Y,NA,BALI,https://www.iucnredlist.org/species/22710912/183006359
Leucopsar rothschildii,NA,Y,NA,NA,NA,NA
Lichmera argentauris,NA,NA,Y,NA,MALUKU,https://www.iucnredlist.org/species/22703946/93944745
Lichmera monticola,NA,NA,Y,NA,MALUKU,https://www.iucnredlist.org/species/22703969/130243523
Lichmera notabilis,NA,NA,Y,NA,MALUKU,https://www.iucnredlist.org/species/22703976/93946328
Lichmera squamata,NA,NA,Y,NA,MALUKU,https://www.iucnredlist.org/species/22703959/130243281
Limnodromus scolopaceus,NA,Y,NA,Y,NA,NA
Limnodromus semipalmatus,NA,Y,NA,Y,NA,NA
Limosa lapponica,NA,NA,NA,Y,NA,NA
Limosa limosa,NA,NA,NA,Y,NA,NA
Loboparadisea sericea,NA,Y,NA,NA,NA,NA
Locustella castanea,NA,NA,Y,NA,SULAWESI,https://www.iucnredlist.org/species/216914363/217222733
Locustella lanceolata,NA,NA,NA,Y,NA,NA
Locustella montis,NA,NA,Y,NA,JAWA & BALI,https://www.iucnredlist.org/species/103785896/112878188
Lonchura ferruginosa,NA,NA,Y,NA,JAWA & BALI,https://www.iucnredlist.org/species/22719844/132132544
Lonchura oryzivora,Padda oryzivora,Y,Y,NA,NA,https://www.iucnredlist.org/species/22719912/183133210#assessment-information
Padda oryzivora,NA,Y,Y,NA,NA,https://www.iucnredlist.org/species/22719912/183133210#assessment-information
Lonchura vana,NA,Y,Y,NA,PAPUA,https://www.iucnredlist.org/species/22719861/217858994
Lophorina magnifica,NA,Y,NA,NA,NA,NA
Lophorina superba,NA,Y,Y,NA,PAPUA,https://www.iucnredlist.org/species/181524349/182248687
Lophotriorchis kienerii,NA,Y,NA,NA,NA,NA
Lophura bulweri,NA,Y,NA,NA,NA,NA
Loriculus amabilis,NA,Y,Y,NA,MALUKU,https://www.iucnredlist.org/species/22732102/95042705
Loriculus aurantiifrons,NA,Y,NA,NA,NA,NA
Loriculus catamene,NA,Y,Y,NA,SULAWESI (KEPULAUAN SANGIHE),"Loriculus catamene is endemic to the small island of Sangihe, north of Sulawesi, Indonesia (BirdLife International 2001). It was considered 'not particularly plentiful' as long ago as 1886-1887, but has more recently been found to be distributed throughout the island and locally rather common. A survey in 1998-1999 resulted in a population estimate for Sangihe Hanging-parrot of 10,700-46,200 individuals (Riley 2002) and found the species to be widespread on the island and tolerant of degraded and cultivated habitats, with a broad diet. In 2004 it was quite common and widespread in a variety of degraded habitats (forest edge, secondary forest, coconut plantations and garden areas) (R. Hutchinson in litt. 2009). Gunung Sahendaruman is the single most important site for the species."
Loriculus exilis,NA,Y,Y,NA,SULAWESI,https://www.iucnredlist.org/species/22685416/185741229
Loriculus flosculus,NA,Y,Y,NA,NUSA TENGGARA,"Loriculus flosculus is endemic to Flores and satellite islands, Nusa Tenggara, Indonesia. It is known from eight documented localities, at some of which it is locally common in groups of up to 20 birds (BirdLife International 2001). At Tanjung Kerita Mese, population density was estimated at c.10 individuals per hectare. The species is quite easily overlooked. Recent records on Rinca Island from outside its known altitudinal range and preferred habitat (Imansyah et al. 2008) suggest that it may be more cosmopolitan in its distribution and therefore less threatened, but this requires further research."
Loriculus galgulus,NA,Y,NA,NA,NA,NA
Loriculus pusillus,NA,Y,Y,NA,JAWA & BALI,https://www.iucnredlist.org/species/22685422/93072296
Loriculus sclateri,NA,Y,Y,NA,MALUKU,https://www.iucnredlist.org/species/22732108/95042874
Loriculus stigmatus,NA,Y,Y,Y,SULAWESI,https://www.iucnredlist.org/species/22685389/93071159
Lorius domicella,NA,Y,Y,NA,MALUKU,https://www.iucnredlist.org/species/22684586/93036702
Lorius garrulus,NA,Y,Y,NA,MALUKU,https://www.iucnredlist.org/species/22684581/117219105
Lorius lory,NA,Y,NA,NA,NA,NA
Lutra lutra,NA,Y,NA,NA,NA,NA
Lutra sumatrana,NA,Y,NA,NA,NA,NA
Lutrogale perspicillata,NA,Y,NA,NA,NA,NA
Lycocorax obiensis,NA,Y,Y,NA,MALUKU (PULAU OBI),https://www.iucnredlist.org/species/103728215/112746692
Lycocorax pyrrhopterus,NA,Y,Y,NA,MALUKU,https://www.iucnredlist.org/species/103728181/112746357
Macaca maura,NA,Y,Y,NA,SULAWESI SELATAN,https://www.iucnredlist.org/species/12553/197831931#habitat-ecology
Macaca nigra,NA,Y,NA,NA,NA,NA
Macaca ochreata,NA,Y,NA,NA,NA,NA
Macaca pagensis,NA,Y,Y,NA,MENTAWAI,https://www.iucnredlist.org/species/39794/17949995
Macaca tonkeana,NA,Y,NA,NA,NA,NA
Macgregoria pulchra,NA,Y,NA,NA,NA,NA
Macheiramphus alcinus,NA,Y,NA,NA,NA,NA
Macrocephalon maleo,NA,Y,Y,NA,SULAWESI,https://www.iucnredlist.org/species/22678576/194673255
Macrogalidia musschenbroekii,NA,Y,NA,NA,NA,NA
Macropygia macassariensis,NA,NA,Y,NA,"SULAWESI (PULAU SELAYAR, JAMPEA, KALAOTA)",https://www.iucnredlist.org/species/154625453/155255049
Macropygia timorlaoensis,NA,NA,Y,NA,MALUKU,https://www.iucnredlist.org/species/154625942/155255310
Macropygia unchall,NA,NA,NA,Y,NA,NA
Malacocincla perspicillata,NA,NA,Y,NA,KALIMANTAN (TENGAH),https://www.iucnredlist.org/species/22715827/94470581
Malayophython timoriensis,NA,Y,NA,NA,NA,NA
Malia grata,NA,NA,Y,NA,SULAWESI,https://www.iucnredlist.org/species/22713260/94367910
Manis javanica,NA,Y,NA,NA,NA,NA
Manouria emys,NA,Y,NA,NA,NA,NA
Manucodia ater,NA,Y,NA,NA,NA,NA
Manucodia chalybatus,NA,Y,NA,NA,NA,NA
Manucodia jobiensis,NA,Y,NA,NA,NA,NA
Mareca penelope,NA,NA,NA,Y,NA,NA
Megacrex inepta,NA,Y,NA,NA,NA,NA
Megaloprepia formosa,NA,NA,Y,NA,MALUKU,https://www.iucnredlist.org/species/22691362/130178822
Megapodius bernsteinii,NA,Y,Y,NA,MALUKU,https://www.iucnredlist.org/species/22678593/195438398
Megapodius cumingii,NA,Y,NA,NA,NA,NA
Megapodius decollatus,NA,Y,NA,NA,NA,NA
Megapodius forstenii,NA,Y,NA,NA,NA,NA
Megapodius freycinet,NA,Y,Y,NA,MALUKU,https://www.iucnredlist.org/species/22678602/196317346
Megapodius geelvinkianus,NA,Y,Y,NA,PAPUA (PULAU BIAK),https://www.iucnredlist.org/species/22728514/216249241
Megapodius reinwardt,NA,Y,NA,NA,NA,NA
Megapodius tenimberensis,NA,Y,Y,NA,MALUKU,https://www.iucnredlist.org/species/22732420/156285707
Megaptera novaeangliae,NA,Y,NA,Y,NA,NA
Megatriorchis doriae,NA,Y,NA,NA,NA,NA
Meiglyptes tristis,NA,NA,Y,NA,JAWA (BARAT),https://www.iucnredlist.org/species/22727198/94943337
Melipotes carolae,NA,Y,Y,NA,PAPUA,https://www.iucnredlist.org/species/22735330/112509714
Melipotes fumigatus,NA,Y,NA,NA,NA,NA
Melipotes gymnops,NA,Y,Y,NA,PAPUA,https://www.iucnredlist.org/species/22704295/130261184
Meropogon forsteni,NA,Y,Y,NA,SULAWESI,https://www.iucnredlist.org/species/22683667/130085350
Merops leschenaulti,NA,NA,NA,Y,NA,NA
Merops ornatus,NA,NA,NA,Y,NA,NA
Merops philippinus,NA,NA,NA,Y,NA,NA
Merops viridis,NA,NA,NA,Y,NA,NA
Mesoplodon densirostris,NA,Y,NA,NA,NA,NA
Mesoplodon ginkgodens,NA,Y,NA,NA,NA,NA
Microeca hemixantha,NA,NA,Y,NA,MALUKU (PULAU JAMDENA),"Microeca hemixantha is restricted to the Banda Sea Islands Endemic Bird Area, Indonesia, where it occurs in the Tanimbar Islands (Yamdena, Loetoe and Larat) (BirdLife International 2001). It apparently remains common within its small range."
Microhierax fringillarius,NA,Y,NA,NA,NA,NA
Microhierax latifrons,NA,Y,NA,NA,NA,NA
Micropsitta bruijnii,NA,Y,NA,Y,NA,NA
Micropsitta geelvinkiana,NA,Y,Y,NA,PAPUA (PULAU BIAK),https://www.iucnredlist.org/species/22684850/210917066
Micropsitta keiensis,NA,Y,NA,NA,NA,NA
Micropsitta pusio,NA,Y,NA,NA,NA,NA
Milvus migrans,NA,Y,NA,Y,NA,NA
Mixornis flavicollis,NA,NA,Y,NA,JAWA,https://www.iucnredlist.org/species/103894706/113204492
Mixornis prillwitzi,NA,NA,Y,NA,JAWA (PULAU KANGEAN),"Mixornis prillwitzi occurs on the Kangean Islands, Indonesia, and is found in lowland forest and secondary growth habitats (Collar and Robson 2016). Extensive deforestation within its range has greatly reduced the amount of available habitat, and deforestation continues."
Monarcha frater,NA,NA,NA,Y,NA,NA
Monarcha melanopsis,NA,NA,NA,Y,NA,NA
Monticola solitarius,NA,NA,NA,Y,NA,NA
Morelia viridis,NA,Y,NA,NA,NA,NA
Motacilla cinerea,NA,NA,NA,Y,NA,NA
Motacilla tschutschensis,NA,NA,NA,Y,NA,NA
Mulleripicus fulvus,NA,Y,Y,NA,SULAWESI,https://www.iucnredlist.org/species/22681575/130042987
Mulleripicus pulverulentus,NA,Y,NA,NA,NA,NA
Muntiacus atherodes,NA,Y,NA,NA,NA,NA
Muntiacus muntjak,NA,Y,NA,NA,NA,NA
Muscicapa dauurica,NA,NA,NA,Y,NA,NA
Muscicapa ferruginea,NA,NA,NA,Y,NA,NA
Muscicapa griseisticta,NA,NA,NA,Y,NA,NA
Muscicapa segregata,NA,NA,Y,NA,NUSA TENGGARA (PULAU SUMBA),"Muscicapa segregata (split from Asian Brown Flycatcher M. dauurica) is restricted to Sumba, Indonesia. Previously thought to be rather scarce and local, a more recent assessment considered it uncommon and sparse, perhaps rare, although quiet and unobtrusive. The most recent observations confirm that it is widespread in remaining patches of both primary and secondary forest, albeit declining with steady habitat clearance."
Muscicapa sibirica,NA,NA,NA,Y,NA,NA
Muscicapa sodhii,NA,Y,NA,NA,NA,NA
Mycteria cinerea,NA,Y,NA,Y,NA,NA
Myiagra cyanoleuca,NA,NA,NA,Y,NA,NA
Myiagra rubecula,NA,NA,NA,Y,NA,NA
Myiomela diana,NA,NA,Y,NA,SUMATERA & JAWA,https://www.iucnredlist.org/species/22710114/132085301
Myophonus castaneus,NA,NA,Y,NA,SUMATERA,"Myophonus castaneus is endemic to the island of Sumatra in Indonesia where it occurs in the foothills and mountains. It was recently split from Bornean Whistling-thrush M. glaucinus and Javan Whistling-thrush M. borneensis, formerly all lumped under Sunda Whistling-thrush M. glaucinus. The two other species are the only Myophonus endemic to their respective islands and are both widespread. M. castaneus, however, is scarce on Sumatra, apparently occupying a narrower niche, possibly owing to competition with Shiny Whistling-thrush M. melanurus. It is thought to be declining owing to habitat loss, as deforestation is widespread and continuing on Sumatra."
Myophonus glaucinus,NA,NA,Y,NA,JAWA & BALI,https://www.iucnredlist.org/species/22733656/95061303
Myophonus melanurus,NA,NA,Y,NA,SUMATERA,https://www.iucnredlist.org/species/22708303/94155997
Myza celebensis,NA,NA,Y,NA,SULAWESI,https://www.iucnredlist.org/species/22704307/130261779
Myza sarasinorum,NA,NA,Y,NA,SULAWESI,https://www.iucnredlist.org/species/22704310/130262103
Myzomela batjanensis,NA,NA,Y,NA,MALUKU,https://www.iucnredlist.org/species/103686945/132048692
Myzomela blasii,NA,NA,Y,NA,MALUKU,https://www.iucnredlist.org/species/22703810/130344854
Myzomela boiei,NA,NA,Y,NA,MALUKU (PULAU JAMDENA),https://www.iucnredlist.org/species/22703855/130346697
Myzomela chloroptera,NA,NA,Y,NA,SULAWESI & MALUKU,https://www.iucnredlist.org/species/103686853/118657478
Myzomela kuehni,NA,NA,Y,NA,LESSER SUNDA Is.,https://www.iucnredlist.org/species/22703838/217894278
Myzomela rubrobrunnea,NA,NA,Y,NA,PAPUA (PULAU BIAK),https://www.iucnredlist.org/species/103686589/131891778
Myzomela rubrotincta,NA,NA,Y,NA,MALUKU (PULAU OBI),https://www.iucnredlist.org/species/103686620/132191079
Myzomela simplex,NA,NA,Y,NA,MALUKU,https://www.iucnredlist.org/species/103686603/132190882
Myzomela wakoloensis,NA,NA,Y,NA,MALUKU,https://www.iucnredlist.org/species/22703852/130346463
Napothera albostriata,NA,NA,Y,NA,SUMATERA,https://www.iucnredlist.org/species/22734523/132182812
Nasalis larvatus,NA,Y,NA,NA,NA,NA
Natator depressus,NA,Y,NA,Y,NA,NA
"Nautilus pompilius Linne, 1758",NA,Y,NA,NA,NA,NA
Neofelis diardi,NA,Y,NA,NA,NA,NA
Neolissochilus thienemanni,NA,Y,NA,NA,NA,NA
Neophocaena phocaenoides,NA,Y,NA,NA,NA,NA
Neopsittacus musschenbroeki,NA,Y,NA,NA,NA,NA
Neopsittacus pullicauda,NA,Y,NA,NA,NA,NA
Neopteryx frosti,NA,Y,NA,NA,NA,NA
Nepenthes adnata,NA,Y,Y,NA,SUMATRA,https://powo.science.kew.org/taxon/urn:lsid:ipni.org:names:979875-1
Nepenthes adrianii,NA,Y,Y,NA,JAWA,https://powo.science.kew.org/taxon/urn:lsid:ipni.org:names:3300525-4
Nepenthes albomarginata,NA,Y,NA,NA,NA,NA
Nepenthes aristolochioides,NA,Y,NA,NA,NA,NA
Nepenthes bicalcarata,NA,Y,Y,NA,KALIMANTAN,https://powo.science.kew.org/taxon/urn:lsid:ipni.org:names:603661-1
Nepenthes bongso,NA,Y,NA,NA,NA,NA
Nepenthes boschiana,NA,Y,NA,NA,NA,NA
Nepenthes campanulata,NA,Y,NA,NA,NA,NA
Nepenthes clipeata,NA,Y,NA,NA,NA,NA
Nepenthes danseri,NA,Y,NA,NA,NA,NA
Nepenthes densiflora,NA,Y,NA,NA,NA,NA
Nepenthes diatas,NA,Y,NA,NA,NA,NA
Nepenthes dubia,NA,Y,NA,NA,NA,NA
Nepenthes ephippiata,NA,Y,NA,NA,NA,NA
Nepenthes epiphytica,NA,Y,NA,NA,NA,NA
Nepenthes eustachya,NA,Y,NA,NA,NA,NA
Nepenthes eymae,NA,Y,NA,NA,NA,NA
Nepenthes fusca,NA,Y,NA,NA,NA,NA
Nepenthes glabrata,NA,Y,NA,NA,NA,NA
Nepenthes gymnamphora,NA,Y,NA,NA,NA,NA
Nepenthes hamata,NA,Y,NA,NA,NA,NA
Nepenthes hirsuta,NA,Y,Y,NA,KALIMANTAN,https://powo.science.kew.org/taxon/urn:lsid:ipni.org:names:603722-1
Nepenthes hispida,NA,Y,NA,NA,NA,NA
Nepenthes inermis,NA,Y,NA,NA,NA,NA
Nepenthes insignis,NA,Y,NA,NA,NA,NA
Nepenthes izumiae,NA,Y,NA,NA,NA,NA
Nepenthes jacquelineae,NA,Y,NA,NA,NA,NA
Nepenthes jamban,NA,Y,NA,NA,NA,NA
Nepenthes klossii,NA,Y,NA,NA,NA,NA
Nepenthes lamii,NA,Y,NA,NA,NA,NA
Nepenthes lavicola,NA,Y,NA,NA,NA,NA
Nepenthes lingulata,NA,Y,Y,NA,SUMATRA,https://powo.science.kew.org/taxon/urn:lsid:ipni.org:names:77077708-1
Nepenthes lowii,NA,Y,NA,NA,NA,NA
Nepenthes mapuluensis,NA,Y,NA,NA,NA,NA
Nepenthes maxima,NA,Y,NA,NA,NA,NA
Nepenthes mikei,NA,Y,NA,NA,NA,NA
Nepenthes mollis,NA,Y,NA,NA,NA,NA
Nepenthes naga,NA,Y,NA,NA,NA,NA
Nepenthes neoguineensis,NA,Y,NA,NA,NA,NA
Nepenthes nigra,NA,Y,NA,NA,NA,NA
Nepenthes ovata,NA,Y,NA,NA,NA,NA
Nepenthes paniculata,NA,Y,NA,NA,NA,NA
Nepenthes papuana,NA,Y,Y,NA,PAPUA,https://powo.science.kew.org/taxon/urn:lsid:ipni.org:names:603778-1
Nepenthes pectinata,NA,Y,NA,NA,NA,NA
Nepenthes pilosa,NA,Y,NA,NA,NA,NA
Nepenthes pitopangii,NA,Y,Y,NA,SULAWESI,https://powo.science.kew.org/taxon/urn:lsid:ipni.org:names:77102823-1
Nepenthes rhombicaulis,NA,Y,NA,NA,NA,NA
Nepenthes rigidifolia,NA,Y,NA,NA,NA,NA
Nepenthes singalana,NA,Y,NA,NA,NA,NA
Nepenthes spathulata,NA,Y,NA,NA,NA,NA
Nepenthes spectabilis,NA,Y,NA,NA,NA,NA
Nepenthes stenophylla,NA,Y,Y,NA,KALIMANTAN,https://powo.science.kew.org/taxon/urn:lsid:ipni.org:names:603811-1
Nepenthes sumatrana,NA,Y,Y,NA,SUMATRA,https://powo.science.kew.org/taxon/urn:lsid:ipni.org:names:77162539-1
Nepenthes tentaculata,NA,Y,NA,NA,NA,NA
Nepenthes tobaica,NA,Y,NA,NA,NA,NA
Nepenthes tomoriana,NA,Y,NA,NA,NA,NA
Nepenthes treubiana,NA,Y,Y,NA,PAPUA,https://powo.science.kew.org/taxon/urn:lsid:ipni.org:names:603821-1
Nepenthes undulatifolia,NA,Y,NA,NA,NA,NA
Nepenthes veitchii,NA,Y,Y,NA,KALIMANTAN,https://powo.science.kew.org/taxon/urn:lsid:ipni.org:names:603826-1
Nesolagus netscheri,NA,Y,NA,NA,NA,NA
Nettapus coromandelianus,NA,Y,NA,Y,NA,NA
Ninox burhani,NA,Y,Y,NA,"SULAWESI  (PULAU TOGEAN, BATUDAKA)","Ninox burhani has a very small range, being only known from the islands of Malenge, Togian and Batudaka in the Togian archipelago off central Sulawesi, Indonesia (Verbelen and Demeulemeester 2010). Aural encounters believed to relate to this species on Waleabahi Island to the east imply it is widespread in moderate numbers throughout the archipelago. It may be declining but current trends have not yet been studied."
Ninox forbesi,NA,NA,Y,NA,MALUKU,https://www.iucnredlist.org/species/22727916/94965660
Ninox hantu,NA,NA,Y,NA,MALUKU (PULAU BURU),https://www.iucnredlist.org/species/22727909/94965479
Ninox ios,NA,Y,Y,NA,SULAWESI,https://www.iucnredlist.org/species/22728610/207662764
Ninox japonica,NA,NA,NA,Y,NA,NA
Ninox ochracea,NA,NA,Y,NA,SULAWESI,"Ninox ochracea is restricted to Sulawesi (but not the south peninsula), Indonesia, where it is generally uncommon (BirdLife International 2001)."
Ninox punctulata,NA,NA,Y,NA,SULAWESI,https://www.iucnredlist.org/species/22689470/93231515
Ninox rudolfi,NA,NA,Y,NA,NUSA TENGGARA (PULAU SUMBA),https://www.iucnredlist.org/species/22689398/93229974
Ninox squamipila,NA,NA,Y,NA,MALUKU,https://www.iucnredlist.org/species/22727893/94965117
Ninox sumbaensis,NA,NA,Y,NA,NUSA TENGGARA (PULAU SUMBA),https://www.iucnredlist.org/species/22730062/118629788
Nisaetus alboniger,NA,Y,NA,NA,NA,NA
Nisaetus bartelsi,NA,Y,Y,NA,JAWA,https://www.iucnredlist.org/species/22696165/110050373
Nisaetus cirrhatus,NA,Y,NA,NA,NA,NA
Nisaetus floris,NA,Y,Y,NA,NUSA TENGGARA,https://www.iucnredlist.org/species/22732096/125448523
Nisaetus lanceolatus,NA,Y,Y,NA,SULAWESI,https://www.iucnredlist.org/species/22696172/93547970
Nisaetus nanus,NA,Y,NA,NA,NA,NA
Notopterus notopterus,NA,Y,NA,NA,NA,NA
Numenius arquata,NA,Y,NA,Y,NA,NA
Numenius madagascariensis,NA,Y,NA,Y,NA,NA
Numenius minutus,NA,Y,NA,Y,NA,NA
Numenius phaeopus,NA,Y,NA,Y,NA,NA
Nycticebus coucang,NA,Y,NA,NA,NA,NA
Nycticebus javanicus,NA,Y,Y,NA,"JAWA BAFRAT,TENGAH",https://www.iucnredlist.org/species/39761/205911512#habitat-ecology
Nycticebus menagensis,NA,Y,NA,NA,NA,NA
Nycticorax caledonicus,NA,Y,NA,Y,NA,NA
Nycticorax nycticorax,NA,NA,NA,Y,NA,NA
Oceanites oceanicus,NA,Y,NA,Y,NA,NA
Onychoprion aleuticus,NA,Y,NA,Y,NA,NA
Onychoprion anaethetus,NA,Y,NA,Y,NA,NA
Onychoprion fuscatus,NA,Y,NA,Y,NA,NA
Onychoprion lunatus,NA,Y,NA,NA,NA,NA
Orcaella brevirostris,NA,Y,NA,NA,NA,NA
Orcinus orca,NA,Y,NA,NA,NA,NA
Oreopsittacus arfaki,NA,Y,NA,NA,NA,NA
Oreornis chrysogenys,NA,NA,Y,NA,PAPUA,https://www.iucnredlist.org/species/22704122/130254377
Oriolus bouroensis,NA,NA,Y,NA,MALUKU (PULAU BURU),https://www.iucnredlist.org/species/103691647/112513763
Oriolus chinensis,NA,NA,NA,Y,NA,NA
Oriolus cruentus,NA,NA,Y,NA,JAWA,https://www.iucnredlist.org/species/103692619/178843559
Oriolus decipiens,NA,NA,Y,NA,MALUKU (PULAU JAMDENA),https://www.iucnredlist.org/species/103691651/112513530
Oriolus forsteni,NA,NA,Y,NA,MALUKU,https://www.iucnredlist.org/species/22706353/130374545
Oriolus sagittatus,NA,NA,NA,Y,NA,NA
Orlitia borneensis,NA,Y,NA,NA,NA,NA
Ornithoptera aesacus,NA,Y,NA,NA,NA,NA
Ornithoptera chimaera,NA,Y,NA,NA,NA,NA
Ornithoptera croesus,NA,Y,NA,NA,NA,NA
Ornithoptera goliath,NA,Y,NA,NA,NA,NA
Ornithoptera meridionalis,NA,Y,NA,NA,NA,NA
Ornithoptera paradisea,NA,Y,NA,NA,NA,NA
Ornithoptera priamus,NA,Y,NA,NA,NA,NA
Ornithoptera rothschildi,NA,Y,NA,NA,NA,NA
Ornithoptera tithonus,NA,Y,NA,NA,NA,NA
Orthotomus sepium,NA,NA,Y,NA,"JAWA, BALI, LOMBOK",https://www.iucnredlist.org/species/22715003/118736748
Otidiphaps aruensis,NA,NA,Y,NA,MALUKU,https://www.iucnredlist.org/species/22728031/94968761
Otus alfredi,NA,Y,Y,NA,NUSA TENGGARA,https://www.iucnredlist.org/species/22724396/94864662
Otus angelinae,NA,Y,Y,NA,JAWA,https://www.iucnredlist.org/species/22688591/93201974
Otus beccarii,NA,Y,Y,NA,PAPUA (PULAU BIAK),https://www.iucnredlist.org/species/22724754/94877921
Otus brookii,NA,Y,NA,NA,NA,NA
Otus collari,NA,Y,Y,NA,SULAWESI (KEPULAUAN SANGIHE),https://www.iucnredlist.org/species/22732046/95041318
Otus enganensis,NA,Y,Y,NA,SUMATERA (PULAU ENGGANO),https://www.iucnredlist.org/species/22724390/94864442
Otus jolandae,NA,Y,NA,NA,NA,NA
Otus manadensis,NA,Y,Y,NA,SULAWESI,https://www.iucnredlist.org/species/219587216/219587361
Otus mendeni,NA,Y,Y,NA,SULAWESI (PULAU PELENG),https://www.iucnredlist.org/species/62290488/110041533
Otus mentawi,NA,Y,Y,NA,"SUMATERA (PULAU SIBERUT, SIPURA, PAGAI)",https://www.iucnredlist.org/species/22688713/93206881
Otus siaoensis,NA,Y,Y,NA,SULAWESI(PULAU SIAU),https://www.iucnredlist.org/species/22728599/134199532
Otus silvicola,NA,NA,Y,NA,NUSA TENGGARA,https://www.iucnredlist.org/species/22688734/93207390
Otus sulaensis,NA,NA,Y,NA,MALUKU,"Otus sulaensis is endemic to the Sula Islands, including Taliabu,  Scho, Mongole and Sanana, Indonesia (Anig and  Weick 2008), where it is described as common and frequently  encountered (Davidson et al. 1995, Stones et al. 1997, Rheindt 2010)."
Otus sunia,NA,NA,NA,Y,NA,NA
Otus tempestatis,NA,NA,Y,NA,MALUKU,https://www.iucnredlist.org/species/45400982/95147409
Otus umbra,NA,Y,Y,NA,SUMATERA (...),https://www.iucnredlist.org/species/22688586/93201773
Pachycephala griseonota,NA,NA,Y,NA,MALUKU,https://www.iucnredlist.org/species/22705525/118688786
Pachycephala mentalis,NA,NA,Y,NA,MALUKU,https://www.iucnredlist.org/species/103693456/118690723
Pachycephala meyeri,NA,NA,Y,NA,PAPUA,https://www.iucnredlist.org/species/22705473/94020457
Pachycephala nudigula,NA,NA,Y,NA,NUSA TENGGARA,https://www.iucnredlist.org/species/22705516/94022348
Pachycephala par,NA,NA,Y,NA,NA,TIDAK ADA DI IUCN TAPI ADA DI FILE
Pachycephala phaionota,NA,NA,Y,NA,PAPUA BARAT & MALUKU,https://www.iucnredlist.org/species/22705449/118687241
Pachycephala sulfuriventer,NA,NA,Y,NA,SULAWESI,https://www.iucnredlist.org/species/22705466/94020147
Pachycephala teysmanni,NA,NA,Y,NA,SULAWESI (PULAU SELAYAR),https://www.iucnredlist.org/species/103693387/112516385
Pachyptila desolata,NA,Y,NA,Y,NA,NA
Pandion haliaetus,NA,Y,NA,Y,NA,NA
Panthera pardus melas,NA,Y,NA,NA,NA,NA
Panthera tigris sumatrae,NA,Y,Y,NA,NA,NA
Panthera tigris,NA,Y,Y,NA,NA,NA
Papasula abbotti,NA,Y,NA,Y,NA,NA
Paphiopedilum gigantifolium,NA,Y,NA,NA,NA,NA
Paphiopedilum glanduliferum,NA,Y,NA,NA,NA,NA
Paphiopedilum glaucophyllum,NA,Y,Y,NA,JAWA,NA
Paphiopedilum kolopakingii,NA,Y,Y,NA,Kalimantan,NA
Paphiopedilum liemianum,NA,Y,Y,NA,SUMATERA,NA
Paphiopedilum mastersianum,NA,Y,Y,NA,"BALI, NUSA TENGGARA & MALUKU",NA
Paphiopedilum nataschae,NA,Y,Y,NA,SULAWESI,NA
Paphiopedilum primulinum,NA,Y,Y,NA,SUMATERA,NA
Paphiopedilum robinsonianum,NA,Y,Y,NA,SULAWESI,NA
Paphiopedilum sangii,NA,Y,Y,NA,SULAWESI,NA
Paphiopedilum supardii,NA,Y,Y,NA,Kalimantan,NA
Paphiopedilum victoria-mariae,NA,Y,Y,NA,SUMATERA,NA
Paphiopedilum victoria-regina,NA,Y,Y,NA,SUMATERA,NA
Paphiopedilum violacens,NA,Y,NA,NA,NA,NA
Paphiopedilum wilhelminae,NA,Y,NA,NA,NA,NA
Paradigalla brevicauda,NA,Y,NA,NA,NA,NA
Paradigalla carunculata,NA,Y,Y,NA,PAPUA,"Paradigalla carunculata is endemic to the Arfak Mountains in the Vogelkop peninsula of Papua (formerly Irian Jaya), Indonesia, where there are few records but it is probably not uncommon (Gibbs 1993, Poulsen and Frolander 1994, Frith and Beehler 1998). An undescribed Paradigalla taxon discovered in the nearby Fakfak Mountains, and possibly occurring on other mountain ranges in the Vogelkop, may be this species, although it shows some features of Short-tailed Paradigalla P. brevicauda (Gibbs 1994, Frith and Beehler 1998)."
Paradisaea apoda,NA,Y,NA,NA,NA,NA
Paradisaea minor,NA,Y,NA,NA,NA,NA
Paradisaea rubra,NA,Y,Y,NA,PAPUA,"Paradisaea rubra is endemic to the West Papuan islands of Waigeo, Batanta, Gemien and Saonek off north-west Papua (formerly Irian Jaya), Indonesia, where it is common in suitable habitats."
Paraphalaenopsis denevei,NA,Y,Y,NA,Kalimantan,NA
Paraphalaenopsis labukensis,NA,Y,NA,NA,NA,NA
Paraphalaenopsis laycockii,NA,Y,Y,NA,Kalimantan,NA
Paraphalaenopsis serpentilingua,NA,Y,Y,NA,Kalimantan,NA
Pardofelis marmorata,NA,Y,NA,NA,NA,NA
Parotia berlepschi,NA,Y,Y,NA,PAPUA BARAT,https://www.iucnredlist.org/species/103728360/112748051
Parotia carolae,NA,Y,NA,NA,NA,NA
Parotia sefilata,NA,Y,Y,NA,PAPUA BARAT,https://www.iucnredlist.org/species/22706171/94054166
Pavo muticus,NA,Y,NA,NA,NA,NA
Pelagodroma marina,NA,Y,NA,Y,NA,NA
Pelargopsis melanorhyncha,NA,NA,Y,NA,SULAWESI,https://www.iucnredlist.org/species/22683230/92979357
Pelecanus conspicillatus,NA,Y,NA,Y,NA,NA
Pelecanus onocrotalus,NA,Y,NA,Y,NA,NA
Pelecanus philippensis,NA,Y,NA,Y,NA,NA
Pellorneum capistratum,NA,NA,Y,NA,JAWA,https://www.iucnredlist.org/species/103869220/113205820
Peneothello cryptoleuca,NA,NA,Y,NA,PAPUA,https://www.iucnredlist.org/species/22704889/118832987
Peponocephala electra,NA,Y,NA,NA,NA,NA
Pericrocotus divaricatus,NA,NA,NA,Y,NA,NA
Pericrocotus lansbergei,NA,NA,Y,NA,NUSA TENGGARA,https://www.iucnredlist.org/species/22706747/94087360
Pericrocotus miniatus,NA,NA,Y,NA,SUMATERA & JAWA,https://www.iucnredlist.org/species/22706763/94088435
Pernis celebensis,NA,Y,Y,NA,SULAWESI,https://www.iucnredlist.org/species/22727689/94957403
Pernis ptilorhynchus,NA,Y,NA,Y,NA,NA
Petrochelidon nigricans,NA,NA,NA,Y,NA,NA
Petroica archboldi,NA,Y,Y,NA,PAPUA,https://www.iucnredlist.org/species/22704799/93985859
Petroica bivittata,NA,Y,NA,NA,NA,NA
Phaethon lepturus,NA,Y,NA,Y,NA,NA
Phaethon rubricauda,NA,Y,NA,Y,NA,NA
Phalacrocorax carbo,NA,NA,NA,Y,NA,NA
Phalaenopsis bellina,NA,Y,NA,NA,NA,NA
Phalaenopsis celebensis,NA,Y,Y,NA,SULAWESI,NA
Phalaenopsis floresensis,NA,Y,Y,NA,"BALI, NUSA TENGGARA, MALUKU",NA
Phalaenopsis gigantea,NA,Y,NA,NA,NA,NA
Phalaenopsis javanica,NA,Y,NA,NA,SUMATRA & JAWA,NA
Phalaenopsis sumatrana,NA,Y,NA,NA,NA,NA
Phalanger alexandrae,NA,Y,Y,NA,MALUKU (PULAU GEBE),NA
Phalanger carmelitae,NA,Y,NA,NA,NA,NA
Phalanger gymnotis,NA,Y,NA,NA,NA,NA
Phalanger intercastellanus,NA,Y,NA,NA,NA,NA
Phalanger matabiru,NA,Y,Y,NA,"MALUKU (PULAU TERNATE, PULAU TIDORE)",NA
Phalanger rothschildi,NA,Y,Y,NA,MALUKU (PULAU OBI),NA
Phalanger sericeus,NA,Y,NA,NA,NA,NA
Phalanger vestitus,NA,Y,NA,NA,NA,NA
Phalaropus lobatus,NA,Y,NA,Y,NA,NA
Philemon brassi,NA,NA,Y,NA,PAPUA,https://www.iucnredlist.org/species/22704185/202823456
Philemon citreogularis,NA,NA,NA,Y,NA,NA
Philemon corniculatus,NA,NA,NA,Y,NA,NA
Philemon kisserensis,NA,NA,Y,NA,MALUKU (PULAU LETI & MOA),https://www.iucnredlist.org/species/22704180/112507178
Philemon moluccensis,NA,NA,Y,NA,MALUKU (PULAU BURU),https://www.iucnredlist.org/species/103686144/112507662
Philemon plumigenis,NA,NA,Y,NA,MALUKU (PULAU JAMDENA & PULAU KEI),https://www.iucnredlist.org/species/103686165/112507866
Philemon subcorniculatus,NA,NA,Y,NA,MALUKU,https://www.iucnredlist.org/species/22704200/130351479
Phonygammus keraudrenii,NA,Y,NA,NA,NA,NA
Phylloscopus borealis,NA,NA,NA,Y,NA,NA
Phylloscopus coronatus,NA,NA,NA,Y,NA,NA
Phylloscopus examinandus,NA,NA,NA,Y,NA,NA
Phylloscopus grammiceps,NA,NA,Y,NA,JAWA & BALI,https://www.iucnredlist.org/species/103845369/94453057
Phylloscopus maforensis,NA,NA,Y,NA,PAPUA (PULAU NUMFOOR),https://www.iucnredlist.org/species/103866023/208363875
Phylloscopus misoriensis,NA,NA,Y,NA,PAPUA (PULAU BIAK),https://www.iucnredlist.org/species/103866018/208161827
Phylloscopus sarasinorum,NA,NA,Y,NA,SULAWESI,https://www.iucnredlist.org/species/216917007/216948279
Phylloscopus xanthodryas,NA,NA,NA,Y,NA,NA
Physeter macrocephalus,NA,Y,NA,NA,NA,NA
Picoides temminckii,NA,NA,Y,NA,SULAWESI,https://www.iucnredlist.org/species/22681042/92890426
Pigafetta filaris,NA,Y,NA,NA,NA,NA
Pinanga javana,NA,Y,Y,NA,JAWA,NA
Pitohui cerviniventris,NA,NA,Y,NA,PAPUA BARAT,https://www.iucnredlist.org/species/103691606/112512830
Pitta elegans,NA,Y,NA,Y,NA,NA
Pitta maxima,NA,Y,Y,NA,MALUKU,https://www.iucnredlist.org/species/102998728/112308356
Pitta megarhyncha,NA,Y,NA,NA,NA,NA
Pitta moluccensis,NA,Y,NA,Y,NA,NA
Pitta morotaiensis,NA,Y,Y,NA,MALUKU,https://www.iucnredlist.org/species/102998975/102999000
Pitta novaeguineae,NA,NA,NA,Y,NA,NA
Pitta nympha,NA,Y,NA,Y,NA,NA
Pitta rosenbergii,NA,Y,Y,Y,PAPUA (PULAU BIAK),https://www.iucnredlist.org/species/103656912/209612218
Pitta sordida,NA,Y,NA,Y,NA,NA
Pitta versicolor,NA,Y,NA,Y,NA,NA
Platalea regia,NA,Y,NA,Y,NA,NA
Platylophus galericulatus,NA,Y,NA,NA,NA,NA
Platysmurus leucopterus,NA,Y,NA,NA,NA,NA
Plegadis falcinellus,NA,Y,NA,Y,NA,NA
Pluvialis fulva,NA,NA,NA,Y,NA,NA
Pluvialis squatarola,NA,NA,NA,Y,NA,NA
Podiceps cristatus,NA,Y,NA,Y,NA,NA
Polyplectron chalcurum,NA,Y,Y,NA,SUMATERA,https://www.iucnredlist.org/species/22679361/92812514
Polyplectron schleiermacheri,NA,Y,NA,NA,NA,NA
Pongo abelii,NA,Y,Y,NA,SUMATERA,https://www.iucnredlist.org/species/121097935/123797627
Pongo pygmaeus,NA,Y,Y,NA,KALIMANTAN,https://www.iucnredlist.org/species/17975/123809220
Pongo tapanuliensis,NA,Y,Y,NA,SUMATERA,https://www.iucnredlist.org/species/120588639/120588662
Porzana paykullii,NA,Y,NA,Y,NA,NA
Porzana tabuensis,NA,Y,NA,NA,NA,NA
Presbytis comata,NA,Y,Y,NA,JAWA,NA
Presbytis frontata,NA,Y,NA,NA,NA,NA
Presbytis melalophos,NA,Y,Y,NA,SUMATERA,NA
Presbytis natunae,NA,Y,Y,NA,SUMATERA (PULAU NATUNA),NA
Presbytis potenziani,NA,Y,Y,NA,"SUMATERA (PULAU PAGAI, PULAU SIPURA, PULAU SIBERUT)",NA
Presbytis rubicunda,NA,Y,NA,NA,NA,NA
Presbytis thomasi,NA,Y,Y,NA,SUMATERA ,NA
Prinia familiaris,NA,NA,Y,NA,"SUMATERA, JAWA, BALI","The species occurs in Sumatra, Java and Bali (Indonesia). Escaped cagebirds are now becoming established on Lombok and Bali (Eaton et al. 2016)."
Prionailurus bengalensis,NA,Y,NA,NA,NA,NA
Prionailurus planiceps,NA,Y,NA,NA,NA,NA
Prionailurus viverrinus,NA,Y,NA,NA,NA,NA
Prioniturus flavicans,NA,Y,Y,NA,SULAWESI,https://www.iucnredlist.org/species/22684991/93053805
Prioniturus mada,NA,Y,Y,NA,MALUKU (PULAU BURU),https://www.iucnredlist.org/species/22685001/93054247
Prioniturus platurus,NA,Y,Y,NA,SULAWESI,https://www.iucnredlist.org/species/22684997/130101564
Prionodon linsang,NA,Y,NA,NA,NA,NA
Pristis clavata,NA,Y,NA,NA,NA,NA
Pristis pristis,NA,Y,NA,NA,NA,NA
Pristis zijsron,NA,Y,NA,NA,NA,NA
Probosciger aterrimus,NA,Y,NA,NA,NA,NA
Psaltria exilis,NA,Y,Y,NA,JAWA,https://www.iucnredlist.org/species/22712032/94316107
Pseudeos fuscata,NA,Y,NA,Y,NA,NA
Pseudibis davisoni,NA,Y,NA,NA,NA,NA
Pseudobulweria rostrata,NA,Y,NA,Y,NA,NA
Pseudorca crassidens,NA,Y,NA,NA,NA,NA
Psilopogon armillaris,NA,Y,Y,NA,JAWA,https://www.iucnredlist.org/species/22681652/92915774
Psilopogon chrysopogon,NA,Y,NA,NA,NA,NA
Psilopogon corvinus,NA,Y,Y,NA,JAWA,https://www.iucnredlist.org/species/22681609/92913565
Psilopogon eximius,NA,Y,NA,NA,NA,NA
Psilopogon henricii,NA,Y,NA,NA,NA,NA
Psilopogon javensis,NA,Y,Y,NA,JAWA & BALI,"This species is endemic to Java and Bali, Indonesia, where it is widespread and often common in suitable habitat, although this is now highly fragmented (BirdLife International 2001)."
Psilopogon lineatus,NA,Y,NA,NA,NA,NA
Psilopogon monticola,NA,Y,NA,NA,NA,NA
Psilopogon mystacophanos,NA,Y,NA,NA,NA,NA
Psilopogon oorti,NA,Y,NA,NA,NA,NA
Psilopogon pulcherrimus,NA,Y,NA,NA,NA,NA
Psilopogon pyrolophus,NA,Y,NA,NA,NA,NA
Psilopogon rafflesii,NA,Y,NA,NA,NA,NA
Psittacella brehmii,NA,Y,NA,NA,NA,NA
Psittacella lorentzi,NA,Y,Y,NA,PAPUA,https://www.iucnredlist.org/species/45419842/95148860
Psittacella madaraszi,NA,Y,NA,NA,NA,NA
Psittacella modesta,NA,Y,NA,NA,NA,NA
Psittacella picta,NA,Y,NA,NA,NA,NA
Psittacula alexandri,NA,Y,NA,NA,NA,NA
Psittacula longicauda,NA,Y,NA,NA,NA,NA
Psittaculirostris cervicalis,NA,Y,NA,NA,NA,NA
Psittaculirostris desmarestii,NA,Y,Y,NA,PAPUA,https://www.iucnredlist.org/species/22725599/94896928
Psittaculirostris edwardsii,NA,Y,NA,NA,NA,NA
Psittaculirostris godmani,NA,Y,NA,NA,NA,NA
Psittaculirostris salvadorii,NA,Y,Y,NA,PAPUA,https://www.iucnredlist.org/species/22684908/93050906
Psitteuteles goldiei,NA,Y,NA,NA,NA,NA
Psitteuteles iris,NA,Y,NA,NA,NA,NA
Psittinus abbotti,NA,NA,Y,NA,SUMATERA (..),https://www.iucnredlist.org/species/22727609/94954137
Psittinus cyanurus,NA,Y,NA,NA,NA,NA
Psittrichas fulgidus,NA,Y,NA,NA,NA,NA
Pteridophora alberti,NA,Y,NA,NA,NA,NA
Pterodorma baraui,NA,Y,NA,Y,NA,NA
Pterodorma sandwichensis,NA,Y,NA,Y,NA,NA
Pteropus pumilus,NA,Y,NA,NA,NA,NA
Pteruthius flaviscapis,NA,NA,Y,NA,JAWA,https://www.iucnredlist.org/species/103693557/112517556
Ptilinopus dohertyi,NA,Y,Y,NA,NUSA TENGGARA (PULAU SUMBA),https://www.iucnredlist.org/species/22691307/93308578
Ptilinopus granulifrons,NA,Y,Y,NA,MALUKU (PULAU OBI),https://www.iucnredlist.org/species/22691539/93315725
Ptilinopus hyogastrus,NA,NA,Y,NA,MALUKU,https://www.iucnredlist.org/species/22691529/93315562
Ptilinopus regina,NA,NA,NA,Y,NA,NA
Ptilinopus temminckii,NA,NA,Y,NA,SULAWESI,https://www.iucnredlist.org/species/22725286/94889341
Ptilinopus wallacii,NA,NA,Y,NA,MALUKU,https://www.iucnredlist.org/species/22691396/93311251
Ptilocichla leucogrammica,NA,Y,NA,NA,NA,NA
Puffinus heinrothi,NA,Y,NA,Y,NA,NA
Pycnonotus bimaculatus,NA,NA,Y,NA,SUMATERA & JAWA,https://www.iucnredlist.org/species/103828414/182928949
Pycnonotus tympanistrigus,NA,NA,Y,NA,SUMATERA,"Pycnonotus tympanistrigus is restricted to Sumatra, Indonesia (BirdLife International 2001). In the early 1990s, it was known by few records and appeared to be very local, but it is now known to be relatively common and widespread, albeit still declining because of habitat loss."
Python bivittatus,NA,Y,NA,NA,NA,NA
Rafflesia arnoldii,NA,Y,NA,NA,NA,NA
Rafflesia bengkuluensis,NA,Y,Y,NA,SUMATERA,NA
Rafflesia gadutensis,NA,Y,Y,NA,SUMATERA,NA
Rafflesia hasseltii,NA,Y,NA,NA,NA,NA
Rafflesia kemumu,NA,Y,Y,NA,SUMATERA,NA
Rafflesia lawangensis,NA,Y,Y,NA,SUMATERA,NA
Rafflesia meijeri,NA,Y,Y,NA,SUMATERA,NA
Rafflesia micropylora,NA,Y,Y,NA,SUMATERA,NA
Rafflesia patma,NA,Y,Y,NA,JAWA,NA
Rafflesia pricei,NA,Y,NA,NA,NA,NA
Rafflesia rochussenii,NA,Y,Y,NA,SUMATERA & JAWA,NA
Rafflesia tuan-mudae,NA,Y,NA,NA,NA,NA
Rafflesia zollingeriana,NA,Y,Y,NA,JAWA,NA
Rallicula forbesi,NA,Y,NA,NA,NA,NA
Rallicula leucospila,NA,Y,Y,NA,PAPUA,https://www.iucnredlist.org/species/22692293/93346520
Rallicula mayri,NA,Y,NA,NA,NA,NA
Rallina eurizonoides,NA,NA,NA,Y,NA,NA
Rallina fasciata,NA,NA,NA,Y,NA,NA
Ramphiculus epius,NA,NA,Y,NA,SULAWESI,https://www.iucnredlist.org/species/22725071/94885382
Ramphiculus fischeri,NA,NA,Y,NA,SULAWESI,https://www.iucnredlist.org/species/22728038/94969019
Ramphiculus jambu,NA,NA,NA,Y,NA,NA
Ramphiculus mangoliensis,NA,NA,Y,NA,MALUKU,"Ramphiculus mangoliensis is found on the islands of Mangole and Taliabu, Indonesia (del Hoyo et al. 1997, Gibbs et al. 2001). Stones et al.  (1997) describe the taxon as common and widespread on Taliabu,  occurring mostly in lowland forest, but ranging up to 900 m. Similarly,  Rheindt (2010) notes it to be commonly heard up to 1,100 m on Taliabu."
Ramphiculus meridionalis,NA,NA,Y,NA,SULAWESI,https://www.iucnredlist.org/species/22728045/118627862
Ramphiculus subgularis,NA,NA,Y,NA,SULAWESI,https://www.iucnredlist.org/species/22728146/110138614
Ramsayornis modestus,NA,NA,NA,Y,NA,NA
Reinwardtoena reinwardti,NA,NA,Y,NA,PAPUA,https://www.iucnredlist.org/species/22690589/93278732
Rhabdotorrhinus corrugatus,NA,Y,NA,NA,NA,NA
Rhabdotorrhinus exarhatus,NA,Y,Y,NA,SULAWESI,https://www.iucnredlist.org/species/22682504/210091404
Rhinoceros sondaicus,NA,Y,Y,NA,JAWA,NA
Rhinoplax vigil,NA,Y,NA,NA,NA,NA
Rhipidura dedemi,NA,NA,Y,NA,MALUKU,https://www.iucnredlist.org/species/22706890/94095567
Rhipidura diluta,NA,NA,Y,NA,NUSA TENGGARA,https://www.iucnredlist.org/species/22706809/94091548
Rhipidura dryas,NA,NA,NA,Y,NA,NA
Rhipidura euryura,NA,Y,Y,NA,JAWA,https://www.iucnredlist.org/species/22706793/130423578
Rhipidura fuscorufa,NA,NA,Y,NA,MALUKU,https://www.iucnredlist.org/species/22706815/94091935
Rhipidura hoedti,NA,NA,Y,NA,MALUKU,https://www.iucnredlist.org/species/103708881/112339153
Rhipidura javanica,NA,Y,NA,NA,NA,NA
Rhipidura kordensis,NA,NA,Y,NA,PAPUA (PULAU BIAK),https://www.iucnredlist.org/species/103708917/118638489
Rhipidura opistherythra,NA,NA,Y,NA,MALUKU,https://www.iucnredlist.org/species/22706894/152154318
Rhipidura phoenicura,NA,Y,Y,NA,JAWA,https://www.iucnredlist.org/species/22706784/130422990
Rhipidura rufifrons,NA,NA,NA,Y,NA,NA
Rhipidura superflua,NA,NA,Y,NA,MALUKU (PULAU BURU),https://www.iucnredlist.org/species/22706887/94095405
Rhipidura tenkatei,NA,NA,Y,NA,NUSA TENGGARA (PULAU ROTE),https://www.iucnredlist.org/species/103708962/112338584
Rhipidura teysmanni,NA,NA,Y,NA,SULAWESI,https://www.iucnredlist.org/species/22706884/130424605
Rhyticeros cassidix,NA,Y,Y,NA,SULAWESI,https://www.iucnredlist.org/species/22682525/117182222
Rhyticeros everetti,NA,Y,Y,NA,NUSA TENGGARA (PULAU SUMBA),https://www.iucnredlist.org/species/22682535/184201170
Rhyticeros plicatus,NA,Y,NA,NA,NA,NA
Rhyticeros undulatus,NA,Y,NA,NA,NA,NA
Rostratula benghalensis,NA,Y,NA,NA,NA,NA
Rubigula dispar,NA,NA,Y,NA,SUMATERA & JAWA,https://www.iucnredlist.org/species/103827052/182934014
Rusa timorensis,NA,Y,Y,NA,JAWA & BALI,NA
Rusa unicolor,NA,Y,NA,NA,NA,NA
Salvadorina waigiuensis,NA,Y,NA,NA,NA,NA
Saxicola caprata,NA,NA,NA,Y,NA,NA
Schismatorhynchus heterorhynchus,NA,Y,NA,NA,NA,NA
Scissirostrum dubium,NA,NA,Y,NA,SULAWESI,https://www.iucnredlist.org/species/22711001/183068856
Scleropages formosus,NA,Y,NA,NA,NA,NA
Scleropages jardinii,NA,Y,NA,NA,NA,NA
Scolopax celebensis,NA,Y,Y,NA,SULAWESI,"Scolopax celebensis is restricted to Sulawesi (not the south-east peninsula but a recent record from the east peninsula), Indonesia, although it is known from very few localities (BirdLife International 2001). It is possibly fairly common and overlooked in appropriate habitat. There have been few recent records, although it has been recorded in Lore Lindu National Park in 2000 (close to Hanggira village) and at Tomado in 2001"
Scolopax rochussenii,NA,Y,Y,NA,MALUKU (PULAU OBI),https://www.iucnredlist.org/species/22693068/203897409
Scolopax rosenbergii,NA,Y,NA,NA,NA,NA
Scolopax saturata,NA,Y,Y,NA,SUMATERA & JAWA,https://www.iucnredlist.org/species/22693060/93381449
Scythrops novaehollandiae,NA,NA,NA,Y,NA,NA
Seleucidis melanoleucus,NA,Y,NA,NA,NA,NA
Semioptera wallacii,NA,Y,Y,NA,MALUKU,https://www.iucnredlist.org/species/22706140/118483106
Sericornis rufescens,Aethomyias rufescens,NA,Y,NA,PAPUA,https://www.iucnredlist.org/species/22704570/93975790
Aethomyias rufescens,NA,NA,Y,NA,PAPUA,https://www.iucnredlist.org/species/22704570/93975790
Sericulus ardens,NA,Y,NA,NA,NA,NA
Sericulus aureus,NA,Y,NA,NA,NA,NA
Setornis criniger,NA,Y,NA,NA,NA,NA
Simalia boeleni,NA,Y,NA,NA,NA,NA
Simias concolor,NA,Y,Y,NA,"SUMATERA (PULAU SIBERUT, SIPURA, PAGAI)",NA
Sousa chinensis,NA,Y,NA,NA,NA,NA
Spatula querquedula,NA,NA,NA,Y,NA,NA
Spilocuscus maculatus,NA,Y,NA,NA,NA,NA
Spilocuscus papuensis,NA,Y,Y,NA,PAPUA (PULAU WAIGEO),NA
Spilocuscus rufoniger,NA,Y,NA,NA,NA,NA
Spilopelia chinensis,NA,NA,NA,Y,NA,NA
Spilornis cheela,NA,Y,NA,Y,NA,NA
Spilornis kinabaluensis,NA,Y,NA,NA,NA,NA
Spilornis rufipectus,NA,Y,Y,NA,SULAWESI,https://www.iucnredlist.org/species/22695313/93502324
Stachyris grammiceps,NA,Y,Y,NA,JAWA,https://www.iucnredlist.org/species/22716248/94486330
Stachyris thoracica,NA,NA,Y,NA,JAWA,https://www.iucnredlist.org/species/22716274/94488370
Stenella attenuata,NA,Y,NA,NA,NA,NA
Stenella coeruleoalba,NA,Y,NA,NA,NA,NA
Stenella longirostris,NA,Y,NA,NA,NA,NA
Steno bredanensis,NA,Y,NA,NA,NA,NA
Stercorarius longicaudus,NA,Y,NA,Y,NA,NA
Stercorarius parasiticus,NA,Y,NA,Y,NA,NA
Stercorarius pomarinus,NA,Y,NA,Y,NA,NA
Sterluna albifrons,NA,Y,NA,NA,NA,NA
Sterna dougallii,NA,Y,NA,Y,NA,NA
Sterna hirundo,NA,Y,NA,Y,NA,NA
Sterna paradisea,NA,Y,NA,Y,NA,NA
Sterna sumatrana,NA,Y,NA,Y,NA,NA
Sternula albifrons,NA,NA,NA,Y,NA,NA
Stiltia isabella,NA,Y,NA,Y,NA,NA
Streptocitta albertinae,NA,NA,Y,NA,MALUKU,"Streptocitta albertinae occurs in the Sula (restricted to Taliabu and Mangole only) and Banggai Islands, Indonesia."
Streptocitta albicollis,NA,NA,Y,NA,SULAWESI,https://www.iucnredlist.org/species/103878446/119484488
Streptocitta torquata,NA,NA,Y,NA,SULAWESI,https://www.iucnredlist.org/species/103878479/119484769
Streptopelia tranquebarica,NA,NA,NA,Y,NA,NA
Strigocuscus celebensis,NA,Y,Y,NA,SULAWESI,NA
Strigocuscus pelengensis,NA,Y,Y,NA,SULAWESI (PULAU PELENG),NA
Sula dactylatra,NA,Y,NA,NA,NA,NA
Sula leucogaster,NA,Y,NA,NA,NA,NA
Sula sula,NA,Y,NA,Y,NA,NA
Surniculus dicruroides,NA,NA,NA,Y,NA,NA
Surniculus lugubris,NA,NA,NA,Y,NA,NA
Surniculus musschenbroeki,NA,NA,Y,NA,"SULAWESI, MALUKU",https://www.iucnredlist.org/species/22736089/95124452
Symphalangus syndactylus,NA,Y,NA,NA,NA,NA
Symposiachrus boanensis,NA,Y,Y,NA,MALUKU (PULAU BOANO),https://www.iucnredlist.org/species/22707294/127184528
Symposiachrus brehmii,NA,Y,Y,NA,PAPUA (PULAU BIAK),"This species is endemic to the twin-islands of Biak-Supiori in Geelvink Bay, West Papua, Indonesia (Beehler et al. 1986)."
Symposiachrus everetti,NA,Y,Y,NA,SULAWESI (PULAU JAMPEA),https://www.iucnredlist.org/species/22707288/110167398
Symposiachrus julianae,NA,Y,Y,NA,PAPUA (PULAU KOFIAU),https://www.iucnredlist.org/species/22707300/209886759
Symposiachrus leucurus,NA,NA,Y,NA,MALUKU (PULAU KEI),https://www.iucnredlist.org/species/22707297/208029943
Symposiachrus loricatus,NA,NA,Y,NA,MALUKU (PULAU BURU),https://www.iucnredlist.org/species/22707291/94115352
Symposiachrus sacerdotum,NA,Y,Y,NA,NUSA TENGGARA,https://www.iucnredlist.org/species/22707285/110053775
Symposiachrus trivirgatus,NA,NA,NA,Y,NA,NA
Tachybaptus novaehollandiae,NA,Y,NA,Y,NA,NA
Tachybaptus ruficollis,NA,Y,NA,Y,NA,NA
Tachyglossus aculeatus,NA,Y,NA,NA,NA,NA
Tachypleus gigas,NA,Y,NA,NA,NA,NA
Tachypleus tridentatus,NA,Y,NA,NA,NA,NA
Talegalla cuvieri,NA,Y,Y,NA,PAPUA,https://www.iucnredlist.org/species/22678564/192450192
Talegalla fuscirostris,NA,Y,NA,NA,NA,NA
Talegalla jobiensis,NA,Y,NA,NA,NA,NA
Tanygnathus gramineus,NA,Y,Y,NA,MALUKU (PULAU BURU),https://www.iucnredlist.org/species/22685016/110430818
Tanygnathus lucionensis,NA,Y,NA,NA,NA,NA
Tanygnathus megalorynchos,NA,Y,Y,NA,"NUSA TENGGARA, MALUKU",NA
Tanygnathus sumatranus,NA,Y,NA,NA,"SULAWESI, MALUKU (PULAU TALIABU)",NA
Tanysiptera carolinae,NA,Y,Y,NA,PAPUA (PULAU NUMFOOR),https://www.iucnredlist.org/species/22683592/215947777
Tanysiptera ellioti,NA,Y,Y,NA,PAPUA (PULAU KOFIAU),https://www.iucnredlist.org/species/22683582/209894634
Tanysiptera riedelii,NA,Y,Y,NA,PAPUA (PULAU BIAK),https://www.iucnredlist.org/species/22683587/215949965
Tanysiptera sylvia,NA,NA,NA,Y,NA,NA
Tapirus indicus,NA,Y,NA,NA,NA,NA
Tarsius bancanus,NA,Y,Y,NA,"SUMATERA, KALIMANTAN",NA
Tarsius dentatus,NA,Y,Y,NA,SULAWESI,NA
Tarsius lariang,NA,Y,Y,NA,SULAWESI,NA
Tarsius pelengensis,NA,Y,Y,NA,"SULAWESI (PULAU PELENG, PULAU BANGGAI)",NA
Tarsius pumilus,NA,Y,Y,NA,SULAWESI,NA
Tarsius sangirensis,NA,Y,Y,NA,SULAWESI (PULAU SANGIHE),NA
Tarsius tarsier,NA,Y,Y,NA,SULAWESI,NA
Tarsius tumpara,NA,Y,Y,NA,SULAWESI (PULAU SIAU) ,NA
Taxus sumatrana,NA,Y,NA,NA,NA,NA
Tephrozosterops stalkeri,NA,NA,Y,NA,MALUKU,https://www.iucnredlist.org/species/22714285/132105795
Terpsiphone affinis,NA,NA,NA,Y,NA,NA
Terpsiphone atrocaudata,NA,NA,NA,Y,NA,NA
Terpsiphone floris,NA,NA,Y,Y,NUSA TENGGARA,https://www.iucnredlist.org/species/103716124/112355257
Terpsiphone incei,NA,NA,NA,Y,NA,NA
Tesia everetti,NA,NA,Y,NA,NUSA TENGGARA,https://www.iucnredlist.org/species/22714359/94413834
Tesia superciliaris,NA,NA,Y,NA,JAWA,https://www.iucnredlist.org/species/22714356/132105957
Thalasseus bengalensis,NA,Y,NA,Y,NA,NA
Thalasseus bergii,NA,Y,NA,Y,NA,NA
Thalasseus bernsteini,NA,Y,NA,Y,NA,NA
Threskiornis melanocephalus,NA,Y,NA,Y,NA,NA
Threskiornis moluccus,NA,Y,NA,Y,NA,NA
Threskiornis spinicollis,NA,Y,NA,Y,NA,NA
Thylogale browni,NA,Y,NA,NA,NA,NA
Thylogale brunii,NA,Y,NA,NA,NA,NA
Thylogale stigmatica,NA,Y,NA,NA,NA,NA
Todiramphus diops,NA,NA,Y,NA,MALUKU,https://www.iucnredlist.org/species/22683304/92983541
Todiramphus enigma,NA,NA,Y,NA,SULAWESI (PULAU KARAKELONG),https://www.iucnredlist.org/species/22683410/92986201
Todiramphus funebris,NA,NA,Y,NA,MALUKU,https://www.iucnredlist.org/species/22683387/217398758
Todiramphus lazuli,NA,NA,Y,NA,MALUKU,https://www.iucnredlist.org/species/22683310/216636478
Todiramphus macleayii,NA,NA,NA,Y,NA,NA
Todiramphus sanctus,NA,NA,NA,Y,NA,NA
Todirhamphus australasia,NA,Y,NA,NA,NA,NA
Todirhamphus enigma,NA,Y,Y,NA,SULAWESI (PULAU KARAKELONG),NA
Todirhamphus funebris,NA,Y,Y,NA,MALUKU (PULAU HALMAHERA),NA
Todirhamphus lazuli,NA,Y,Y,NA,MALUKU (PULAU SERAM),NA
Todirhamphus saurophagus,NA,Y,NA,NA,NA,NA
Tomistoma schlegelii,NA,Y,NA,NA,NA,NA
Trachypithecus auratus,NA,Y,Y,NA,JAWA,NA
Trachypithecus cristatus,NA,Y,NA,NA,NA,NA
Tragulus javanicus,NA,Y,Y,NA,JAWA,NA
Tragulus kanchil,NA,Y,NA,NA,NA,NA
Tragulus napu,NA,Y,NA,NA,NA,NA
Treron aromaticus,NA,NA,Y,NA,MALUKU (PULAU BURU),https://www.iucnredlist.org/species/22726297/110885686
Treron curvirostra,NA,NA,NA,Y,NA,NA
Treron griseicauda,NA,NA,Y,NA,JAWA & SULAWESI,https://www.iucnredlist.org/species/22691165/93304615
Treron olax,NA,NA,NA,Y,NA,NA
Treron oxyurus,NA,NA,Y,NA,SUMATERA & JAWA,https://www.iucnredlist.org/species/22691257/110770683
Treron psittaceus,NA,Y,NA,NA,NA,NA
Treron teysmannii,NA,Y,Y,NA,NUSA TENGGARA (PULAU SUMBA),https://www.iucnredlist.org/species/22691178/219163862
Trichoglossus capistratus,NA,Y,NA,NA,NA,NA
Trichoglossus euteles,NA,Y,NA,NA,NA,NA
Trichoglossus flavoviridis,NA,Y,Y,NA,MALUKU (PULAU TALIABU),https://www.iucnredlist.org/species/22727565/94952941
Trichoglossus forsteni,NA,Y,Y,NA,"BALI, LOMBOK, NUSA TENGGARA",https://www.iucnredlist.org/species/22726303/175363770
Trichoglossus haematodus,NA,Y,NA,NA,NA,NA
Trichoglossus meyeri,NA,Y,Y,NA,SULAWESI,https://www.iucnredlist.org/species/22727575/94953117
Trichoglossus ornatus,NA,Y,Y,NA,SULAWESI,https://www.iucnredlist.org/species/22684531/93034664
Trichoglossus rosenbergii,NA,Y,Y,NA,PAPUA (PULAU BIAK),https://www.iucnredlist.org/species/22726315/210232708
Trichoglossus weberi,NA,Y,Y,NA,NUSA TENGGARA TIMUR,https://www.iucnredlist.org/species/22726309/111146327
Tringa brevipes,NA,NA,NA,Y,NA,NA
Tringa erythropus,NA,Y,NA,Y,NA,NA
Tringa flavipes,NA,Y,NA,Y,NA,NA
Tringa glareola,NA,NA,NA,Y,NA,NA
Tringa guttifer,NA,Y,NA,Y,NA,NA
Tringa incana,NA,Y,NA,Y,NA,NA
Tringa nebularia,NA,NA,NA,Y,NA,NA
Tringa ochropus,NA,Y,NA,Y,NA,NA
Tringa stagnatilis,NA,NA,NA,Y,NA,NA
Tringa totanus,NA,NA,NA,Y,NA,NA
Trogonoptera brookiana,NA,Y,NA,NA,NA,NA
Troides amphrysus,NA,Y,NA,NA,NA,NA
Troides andromache,NA,Y,NA,NA,NA,NA
Troides criton,NA,Y,Y,NA,MALUKU,NA
Troides cuneifera,NA,Y,NA,NA,NA,NA
Troides dohertyi,NA,Y,Y,NA,"SULAWESI (PULAU SANGIHE, PULAU KARAKELONG)",NA
Troides haliphron,NA,Y,NA,NA,NA,NA
Troides helena,NA,Y,NA,NA,NA,NA
Troides hypolitus,NA,Y,Y,NA,"SULAWESI, MALUKU UTARA",NA
Troides meoris,NA,Y,NA,NA,NA,NA
Troides miranda,NA,Y,NA,NA,NA,NA
Troides oblongomaculatus,NA,Y,NA,NA,NA,NA
Troides plato,NA,Y,NA,NA,NA,NA
Troides prattorum,NA,Y,Y,NA,MALUKU (PULAU BURU),NA
Troides riedeli,NA,Y,Y,NA,MALUKU (PULAU YAMDENA),NA
Troides vandepolli,NA,Y,Y,NA,"JAWA, SUMATERA",NA
Turdinus macrodactylus,NA,Y,NA,NA,NA,NA
Turdus obscurus,NA,NA,NA,Y,NA,NA
Turnix everetti,NA,Y,Y,NA,NUSA TENGGARA (PULAU SUMBA),https://www.iucnredlist.org/species/22680592/110139877
Tursiops aduncus,NA,Y,NA,NA,NA,NA
Tursiops truncatus,NA,Y,NA,NA,NA,NA
Tyto almae,NA,NA,Y,NA,MALUKU (PULAU SERAM),"Tyto almae appears to be endemic to the island of Seram, Indonesia, where both known records of Tyto owls are from within the protected Manusela National Park, which covers about 10% of the 17,100 km2 island (Jansson et al. 2013).  The national park is one of the only areas on  Seram likely to be visited by ornithologists and so the lack of records  elsewhere on the island does not necessarily imply the species absence."
Tyto inexspectata,NA,Y,Y,NA,SULAWESI,https://www.iucnredlist.org/species/22688441/93197763
Tyto nigrobrunnea,NA,Y,Y,NA,MALUKU,https://www.iucnredlist.org/species/22688449/110038609
Tyto rosenbergii,NA,NA,Y,NA,SULAWESI,https://www.iucnredlist.org/species/22688489/93198600
Urolophus kaianus,NA,Y,NA,NA,NA,NA
Vanda celebica,NA,Y,Y,NA,"KALIMANTAN, SULAWESI",NA
Vanda sumatrana,NA,Y,Y,NA,SUMATERA,NA
Vanellus cinereus,NA,Y,NA,Y,NA,NA
Vanellus indicus,NA,Y,NA,NA,NA,NA
Vanellus macropterus,NA,Y,Y,NA,JAWA,https://www.iucnredlist.org/species/22693962/156373575
Vanellus miles,NA,Y,NA,NA,NA,NA
Varanus auffenbergi,NA,Y,Y,NA,NUSA TENGGARA TIMUR (PULAU ROTE),NA
Varanus becarii,NA,Y,Y,NA,MALUKU (KEPULAUAN ARU),NA
Varanus boehmei,NA,Y,Y,NA,PAPUA (PULAU WAIGEO),NA
Varanus indicus,NA,Y,NA,NA,NA,NA
Varanus komodoensis,NA,Y,Y,NA,NUSA TENGGARA,https://www.iucnredlist.org/species/22884/123633058
Varanus melinus,NA,Y,Y,NA,MALUKU UTARA (PULAU TALIABU),NA
Varanus nebulosus,NA,Y,NA,NA,NA,NA
Varanus panoptes,NA,Y,NA,NA,NA,NA
Varanus prasinus,NA,Y,NA,NA,NA,NA
Varanus reisingeri,NA,Y,Y,NA,PAPUA (PULAU MISOOL),NA
Varanus similis,NA,Y,NA,NA,NA,NA
Varanus timorensis,NA,Y,Y,NA,PULAU TIMOR,NA
Varanus togianus,NA,Y,Y,NA,SULAWESI,NA
Vatica javanica,NA,Y,Y,NA,JAWA & Kalimantan,NA
Xema sabini,NA,Y,NA,Y,NA,NA
Xenus cinereus,NA,NA,NA,Y,NA,NA
Zaglossus bruijni,NA,Y,Y,NA,PAPUA,NA
Zapornia fusca,NA,NA,NA,Y,NA,NA
Zapornia paykullii,NA,NA,NA,Y,NA,NA
Zapornia pusilla,NA,NA,NA,Y,NA,NA
Ziphius cavirostris,NA,Y,NA,NA,NA,NA
Zonerodius heliosylus,NA,Y,NA,NA,NA,NA
Zoothera aurea,NA,NA,NA,Y,NA,NA
Zoothera heinrichi,NA,NA,Y,NA,SULAWESI,"Geomalia heinrichi is restricted to parts of Sulawesi, Indonesia. It is unrecorded in the east peninsula and south Sulawesi."
Zoothera machiki,NA,NA,Y,NA,MALUKU (PULAU YAMDENA),"Zoothera machiki is restricted to the Tanimbar Islands (Yamdena and Larat only) in the Banda Sea, Indonesia. Previously known from just three specimens, in the past 15 years the species has been found to be locally common."
Zosterops atriceps,NA,NA,Y,NA,MALUKU,https://www.iucnredlist.org/species/22714124/94402668
Zosterops atrifrons,NA,NA,Y,NA,"SULAWESI, MALUKU UTARA",https://www.iucnredlist.org/species/22714119/94402508
Zosterops buruensis,NA,NA,Y,NA,MALUKU (PULAU BURU),https://www.iucnredlist.org/species/22714151/94403776
Zosterops chloris,NA,NA,Y,NA,"SULAWESI, NUSA TENGGARA, MALUKU",https://www.iucnredlist.org/species/216915583/217283387
Zosterops flavus,NA,Y,Y,NA,-,https://www.iucnredlist.org/species/22714082/182944513
Zosterops grayi,NA,NA,Y,NA,MALUKU (PULAU KEI),"Zosterops grayi is restricted to the Banda Sea Islands Endemic Bird Area, Indonesia, where it occurs on Kai Besar only. It is moderately common."
Zosterops kuehni,NA,NA,Y,NA,MALUKU,"Zosterops kuehni is restricted to Ambon Island, Indonesia, where it is relatively common in suitable habtiats, with also a recent record from Seram (Dymond 2012)"
Zosterops melanurus,NA,NA,Y,NA,JAWA & BALI,https://www.iucnredlist.org/species/155156221/182982606
Zosterops mysorensis,NA,NA,Y,NA,PAPUA (PULAU BIAK),https://www.iucnredlist.org/species/22714140/94403357
Zosterops nehrkorni,NA,Y,Y,NA,SULAWESI (KEPULAUAN SANGIHE),https://www.iucnredlist.org/species/22728605/134475330
Zosterops stalkeri,NA,NA,Y,NA,MALUKU,https://www.iucnredlist.org/species/22732863/95050496
Zosterops uropygialis,NA,NA,Y,NA,MALUKU (KEI KECIL),"Zosterops uropygialis is restricted to the Banda Sea Islands Endemic Bird Area, Indonesia, where it occurs on the islands of Kai Cecil and Tual only. It is moderately common within this range."
